1,A,B,C,D,E,F,G,H,I
0.00637,0.31917906,0.29569176,0.25731025,0.25138134,0.42444408,0.51317196,0.44736837,0.39197998,0.42620466
0.29576,0.34657548,0.28083196,0.29385963,0.31353571,0.43555542,0.43414099,0.41700440,0.42062190,0.42243974
0.58515,0.33972643,0.29123293,0.28362572,0.28867352,0.42444408,0.43414114,0.42307696,0.41653040,0.41942774
0.87455,0.31624283,0.26385006,0.25104415,0.27505895,0.39111070,0.43414099,0.40399064,0.39198034,0.40200089
1.16684,0.33059362,0.26597304,0.26461970,0.28821331,0.39666637,0.44116592,0.41194327,0.39198034,0.40235955
1.45623,0.36774595,0.29771698,0.30316301,0.31165214,0.41989872,0.46000560,0.43632682,0.40537127,0.41285613
1.74562,0.38398320,0.30769222,0.32647319,0.32947290,0.42444424,0.47061685,0.44386484,0.40897654,0.41490968
2.03502,0.38356155,0.30609186,0.32456137,0.32182297,0.41777760,0.46153851,0.43825916,0.40261874,0.40587357
2.32441,0.38493144,0.30906369,0.32456137,0.32458525,0.41777760,0.45416232,0.43522266,0.40016369,0.40286146
2.61381,0.39178089,0.31946487,0.33625730,0.32182277,0.42222197,0.46048475,0.44331985,0.39852712,0.40512054
2.9032,0.39863015,0.33135197,0.34210516,0.32596650,0.42444424,0.47102222,0.44939255,0.40098204,0.40587357
3.19259,0.40821919,0.33878154,0.35380109,0.33425376,0.42888878,0.47839840,0.45141689,0.40180039,0.40813255
3.48199,0.42602737,0.36106982,0.37573093,0.34392247,0.43999996,0.48998949,0.46558692,0.41243867,0.41566271
3.77138,0.44520565,0.38484402,0.40497065,0.36740321,0.46000006,0.50052696,0.48279346,0.42880538,0.42771083
4.06078,0.47123298,0.41010413,0.43128654,0.38812126,0.47888901,0.51738685,0.49696365,0.44026200,0.43975905
4.35017,0.48904137,0.43387833,0.44590651,0.41160201,0.49444457,0.52897793,0.50506069,0.45090016,0.45105424
4.63956,0.51369901,0.46656758,0.47514623,0.43646399,0.51222240,0.54267654,0.52631574,0.46808510,0.46234944
4.92896,0.53561687,0.49034177,0.49707628,0.45441976,0.52888909,0.55426778,0.54352228,0.47872350,0.47590372
5.21835,0.54931538,0.50817231,0.51023423,0.47099448,0.54222238,0.57218128,0.55364380,0.49263505,0.48569275
5.50775,0.56438399,0.53343242,0.52777802,0.48756921,0.55666680,0.59220231,0.56578950,0.50409168,0.49849400
5.79714,0.57808250,0.54680544,0.53654970,0.49447523,0.57222252,0.59747097,0.57793521,0.51227491,0.50602417
6.08653,0.58767174,0.56315006,0.54678383,0.51519328,0.58666694,0.60273963,0.59109323,0.52045827,0.51957845
6.37593,0.60958960,0.58692426,0.56725165,0.54005527,0.60111152,0.61538463,0.60829962,0.53518829,0.53313261
6.66532,0.63698682,0.60921276,0.59502935,0.57182327,0.61777821,0.63329828,0.62753049,0.55155488,0.54743981
6.95472,0.65205543,0.62258577,0.60672528,0.58977924,0.62777826,0.64278184,0.64170053,0.56464820,0.55496998
7.24411,0.67123350,0.64338814,0.62426928,0.60497272,0.64444495,0.65753421,0.65485840,0.57446813,0.56777112
7.5335,0.68904169,0.65676093,0.64181307,0.62707222,0.65333370,0.66491040,0.66599209,0.58346971,0.57153615
7.8229,0.68630211,0.64784566,0.63450320,0.63674072,0.65555597,0.66069550,0.66396775,0.57937798,0.57078323
8.11229,0.68493202,0.64635975,0.63157916,0.62292849,0.65444484,0.65858797,0.66599209,0.57692305,0.56626517
8.40168,0.66986341,0.62704329,0.61549718,0.61049770,0.64111139,0.63962071,0.65587071,0.56710312,0.55722895
8.69108,0.66575394,0.62258555,0.61403516,0.59944774,0.63666701,0.63224452,0.65384638,0.56546643,0.55421695
8.98047,0.66027437,0.61069845,0.60526326,0.59944774,0.63444474,0.63751334,0.64676136,0.56055646,0.55496998
9.26987,0.66575394,0.61664211,0.60672528,0.60773521,0.63777798,0.64067447,0.64676136,0.56464808,0.55948792
9.55926,0.66164427,0.61515620,0.60672528,0.61187874,0.64111139,0.63856694,0.65080988,0.56301139,0.55798198
9.84865,0.67123330,0.61961394,0.61549718,0.62154724,0.65111127,0.63645957,0.65688273,0.56792135,0.56400609
10.13805,0.67671267,0.63298674,0.62865512,0.63812177,0.65777792,0.64383576,0.66497992,0.57283144,0.56852415
10.42744,0.69452085,0.64338792,0.64766093,0.65469649,0.67222218,0.66701807,0.68016212,0.58510629,0.57530118
10.71684,0.69589075,0.64487383,0.65350879,0.65745878,0.67999995,0.67755539,0.68421079,0.58919791,0.57831329
11.00623,0.68767140,0.63744426,0.65204677,0.64779027,0.67666671,0.67966292,0.68016212,0.58674299,0.57379523
11.29562,0.67945225,0.62852899,0.64327488,0.65055276,0.67222218,0.67544787,0.67307710,0.58183290,0.57304220
11.58502,0.68219183,0.62852899,0.65058475,0.65055276,0.67333315,0.68598534,0.68016212,0.58510629,0.57304220
11.87441,0.68904109,0.64338770,0.65789463,0.66436500,0.68888871,0.69863034,0.69433216,0.59247130,0.58509043
12.16381,0.72465746,0.68053491,0.69152019,0.69198927,0.71999982,0.72286627,0.72368440,0.61947617,0.60617476
12.4532,0.77123296,0.72511126,0.73245584,0.74309408,0.75555547,0.75658590,0.75607300,0.64893620,0.63403624
12.74259,0.81369859,0.77117374,0.77777754,0.78867412,0.79111112,0.79557435,0.79149810,0.67675942,0.66039166
13.03199,0.84657538,0.80683482,0.81578915,0.81906088,0.82555547,0.83245527,0.82793550,0.70130925,0.68222891
13.32428,0.86849304,0.83506654,0.84649089,0.83977914,0.85333335,0.85669135,0.85728775,0.72504097,0.70406627
13.61367,0.86986293,0.83655245,0.85233875,0.84254142,0.86333339,0.87144372,0.87550630,0.73567925,0.71159644
13.90306,0.87260272,0.84101020,0.85672480,0.84254142,0.86222226,0.86828244,0.87854280,0.73649759,0.71460844
14.19246,0.87808208,0.85141138,0.85672480,0.85359117,0.86888890,0.87355110,0.88461566,0.74549930,0.71837347
14.48185,0.87945197,0.84843955,0.85380077,0.85773491,0.87333344,0.87776599,0.89372486,0.74959092,0.72665655
14.77125,0.88493134,0.85586912,0.85964863,0.84944744,0.88111122,0.88198104,0.89473703,0.75286431,0.72966866
15.06064,0.89315068,0.86924214,0.86257266,0.85773491,0.88666673,0.88724970,0.90283407,0.75859262,0.73644580
15.35003,0.92054791,0.90638913,0.88596452,0.89364644,0.91555557,0.90937826,0.92611346,0.77986918,0.75602408
15.63943,0.95479439,0.94947978,0.92690017,0.92679569,0.95444446,0.94942047,0.95647787,0.80523747,0.78012042
15.92882,0.97123288,0.96879623,0.94298215,0.95027623,0.97222229,0.96417284,0.97267224,0.81914914,0.79066259
16.21822,0.98630129,0.98068333,0.96344998,0.96546951,0.98666671,0.98208650,0.98684228,0.83306069,0.79969870
16.50761,1.00000000,0.99851409,0.98391780,0.98480652,1.00000000,1.00000000,0.99898798,0.84451732,0.81249984
16.797,0.99452063,1.00000000,0.98245578,0.98204423,0.99888887,0.99578510,1.00000000,0.84369897,0.81400590
17.0864,0.99041096,0.99257064,0.97075985,0.97099448,1.00000000,0.99051629,0.99392715,0.84042570,0.81249995
17.37579,0.98082192,0.98216946,0.95614010,0.96408847,0.98555558,0.97471031,0.98178130,0.83142400,0.80346384
17.66518,0.97808234,0.97771172,0.95467808,0.96408847,0.98222234,0.97154902,0.97672061,0.82569568,0.79593378
17.95458,0.97945203,0.98068355,0.96052594,0.96685095,0.98222234,0.96628036,0.97165978,0.82160406,0.79216875
18.24397,0.98082192,0.98662720,0.96344998,0.97651946,0.98888882,0.97576407,0.96963544,0.82487745,0.79518075
18.53337,0.96712321,0.97028236,0.94883001,0.95718245,0.97444440,0.96417299,0.95748974,0.81260248,0.78463859
18.82276,0.95479459,0.95839526,0.93713408,0.94613270,0.95888884,0.95363552,0.94028335,0.80441912,0.77108442
19.11215,0.93287693,0.93610698,0.91374244,0.94198897,0.93444437,0.93256073,0.91902829,0.78641596,0.75677722
19.40155,0.91095907,0.91381870,0.89327461,0.91436469,0.91222217,0.91359331,0.90080973,0.77004925,0.73870489
19.69094,0.88356185,0.87815741,0.86695893,0.87569067,0.88444446,0.88619609,0.87854251,0.74959104,0.71987963
19.98034,0.85479473,0.84101041,0.83187114,0.84254142,0.84777784,0.85563775,0.84919027,0.72585943,0.69879530
20.26973,0.83561665,0.82020805,0.80994130,0.83149188,0.82555547,0.82507924,0.82489871,0.70703780,0.68524102
20.55912,0.80000028,0.78306105,0.76754384,0.79005537,0.78777772,0.78925208,0.79048578,0.67921458,0.66340377
20.84852,0.75616476,0.73254083,0.71929832,0.74309408,0.74444445,0.75131740,0.74898783,0.64566305,0.63253029
21.13791,0.71643871,0.69242201,0.67690065,0.70718235,0.70888880,0.71759776,0.71153855,0.61947641,0.60617487
21.42731,0.68356212,0.66270437,0.65204677,0.67955807,0.68111109,0.69336168,0.68724700,0.59983655,0.58433751
21.7167,0.65753479,0.63595835,0.62573109,0.64779027,0.66000002,0.67228689,0.66194342,0.58101491,0.56777112
22.00609,0.62602789,0.59732544,0.58771948,0.62430953,0.62888891,0.64278215,0.63157901,0.55810166,0.54593375
22.29549,0.60137045,0.57206555,0.55701774,0.59254152,0.60111120,0.61749231,0.60425125,0.53846180,0.52936748
22.58488,0.58630185,0.54680544,0.53362609,0.57320451,0.58000013,0.59641751,0.58805688,0.52291343,0.51430714
22.87428,0.56849366,0.52748898,0.51315827,0.54972377,0.56000004,0.57955762,0.56882615,0.50982011,0.50225903
23.16367,0.56575388,0.52303146,0.50292436,0.53038676,0.55777793,0.57112767,0.56680182,0.50409180,0.50150600
23.45306,0.56575388,0.52451737,0.50146234,0.51657472,0.56222231,0.57007406,0.57085034,0.50818342,0.50225903
23.74246,0.56301410,0.51411597,0.50146234,0.51795597,0.56333360,0.56375149,0.56578950,0.50654684,0.50301206
24.03185,0.56164421,0.50965844,0.50000032,0.52071825,0.55666680,0.56585901,0.56072882,0.50327345,0.49999995
24.32125,0.55205517,0.50222909,0.48976641,0.50690622,0.55111129,0.55110664,0.55364380,0.49918183,0.49322281
24.61353,0.54383602,0.49182790,0.47807048,0.49585647,0.54444481,0.54583798,0.54655878,0.49672691,0.48719869
24.90293,0.54520591,0.49182790,0.47807048,0.50828746,0.54666708,0.55110664,0.54858311,0.49672691,0.48644567
25.19232,0.53698656,0.48439855,0.47076060,0.50138124,0.54333367,0.54899912,0.54453445,0.49263529,0.48192750
25.48172,0.53424678,0.47845489,0.46491274,0.48895045,0.54444481,0.54899912,0.54251011,0.49018025,0.47891550
25.77111,0.53424678,0.47696919,0.46345072,0.48342568,0.54222254,0.54794535,0.54048593,0.49018025,0.47891550
26.0605,0.52739752,0.46656779,0.45760287,0.48066319,0.53666687,0.54583783,0.53441308,0.48690698,0.47665642
26.3499,0.52191796,0.46211005,0.45029278,0.46408867,0.53222233,0.54373046,0.53542510,0.48199689,0.47289139
26.63929,0.51506870,0.45616661,0.44736895,0.46270742,0.52444455,0.53635427,0.52834008,0.47872362,0.46611436
26.92868,0.50410997,0.44279381,0.43274899,0.44475166,0.51777791,0.53003170,0.51821870,0.47217696,0.45933733
27.21808,0.50410997,0.44279381,0.43567281,0.44337041,0.52111115,0.53108561,0.52024304,0.47299531,0.45933733
27.50747,0.50274008,0.44279381,0.43859685,0.45580141,0.52111115,0.53951541,0.52024304,0.47299531,0.45707825
27.79687,0.50547966,0.44576543,0.44005886,0.46132618,0.51888904,0.54794535,0.51923087,0.47381366,0.45933733
28.08626,0.51369901,0.45913844,0.44883076,0.47928195,0.52888893,0.55637530,0.52935239,0.47790527,0.46385539
28.37565,0.51506870,0.46656779,0.44298269,0.47375717,0.52888893,0.55005273,0.52732806,0.47954197,0.46460841
28.66505,0.51917838,0.46656779,0.45029278,0.47928195,0.53222217,0.55742891,0.53036456,0.48199689,0.46611447
28.95444,0.52328805,0.47399715,0.45760265,0.47513822,0.53444444,0.56269757,0.53846174,0.48363347,0.46987950
29.24384,0.51643879,0.46953941,0.45029278,0.45994494,0.52888876,0.55110649,0.53137672,0.48117843,0.46536155
29.53323,0.51506890,0.46508188,0.44298269,0.45718265,0.52333325,0.54162293,0.52732806,0.47954185,0.46234944
29.82262,0.51506890,0.45765231,0.44444471,0.46961344,0.52222212,0.53424675,0.52631589,0.47463188,0.46159641
30.11202,0.50684976,0.45170887,0.44005865,0.46823220,0.51777774,0.52476304,0.52327939,0.46890357,0.45783138
30.40141,0.50684976,0.45319478,0.43567281,0.45442016,0.51666661,0.52054814,0.52530372,0.46890357,0.45632544
30.69081,0.51369901,0.46062414,0.44005865,0.44751394,0.51666661,0.51211819,0.52125520,0.47135861,0.45632544
30.9802,0.51232892,0.45913822,0.43713462,0.45303872,0.51777774,0.51738685,0.52024304,0.47217696,0.45858441
31.26959,0.52054827,0.47251102,0.45321660,0.45718245,0.52777779,0.52687056,0.53238874,0.47954197,0.46611458
31.55899,0.52328805,0.47548263,0.45614064,0.46685095,0.53222217,0.53530036,0.53441308,0.48117866,0.46912658
31.84838,0.51917838,0.46656736,0.45467840,0.46685095,0.52666666,0.52160175,0.52732806,0.47708693,0.46611458
32.13778,0.50958934,0.45765209,0.45321660,0.46270742,0.51999985,0.51001067,0.52327939,0.46726688,0.45933755
32.42717,0.49726052,0.44576499,0.44005865,0.44475166,0.50999997,0.50158072,0.51315802,0.46235703,0.45256041
32.71656,0.48219211,0.42793424,0.43128676,0.44060813,0.50111105,0.49315077,0.51012152,0.45171863,0.44653630
33.00596,0.46301404,0.41158961,0.40789490,0.43093962,0.49000003,0.47629088,0.49493931,0.43944378,0.43599413
33.29535,0.44657554,0.38930133,0.38888909,0.41436490,0.48111112,0.46259212,0.47672076,0.42962385,0.42771105
33.58475,0.44109598,0.38038628,0.38450304,0.40607763,0.47666675,0.45732346,0.47570859,0.42471376,0.42394591
33.87414,0.43287683,0.38038628,0.38011698,0.38535918,0.47222221,0.45310856,0.46761155,0.41816710,0.42168682
34.16353,0.42739726,0.38038628,0.37719295,0.37569067,0.46555556,0.45521593,0.46761155,0.41898545,0.42018088
34.45293,0.42465748,0.37444262,0.36842105,0.37154714,0.45888892,0.45626970,0.46153855,0.41653040,0.41641574
34.74232,0.42054801,0.36998509,0.36695903,0.37569067,0.45666665,0.45626970,0.45647787,0.41407536,0.41490968
35.03172,0.40958908,0.36552735,0.36111118,0.38121565,0.45000001,0.45521593,0.45242920,0.40834705,0.41114466
35.32111,0.40547940,0.35809799,0.35526332,0.37707192,0.44333336,0.44889351,0.44939270,0.40425543,0.40737952
35.6105,0.39726026,0.35215455,0.34795344,0.37569067,0.43777769,0.44362485,0.44129551,0.39852712,0.40286146
35.8999,0.39452048,0.35066864,0.34795344,0.37016570,0.42999991,0.43730243,0.44028335,0.39689042,0.39909643
36.18929,0.38904111,0.35066864,0.34064357,0.34944744,0.42333327,0.43519490,0.43319833,0.39361703,0.39457827
36.47868,0.38356155,0.33878154,0.32748562,0.34392247,0.41888889,0.43414114,0.42611331,0.39279880,0.39307221
36.77097,0.37945207,0.32986627,0.31578947,0.33701625,0.40555544,0.42360367,0.41599179,0.38707037,0.38629507
37.06037,0.37123272,0.31946509,0.30263174,0.32734774,0.39888880,0.41833501,0.40485825,0.38379710,0.37801199
37.34976,0.36575336,0.31203552,0.29970770,0.32182297,0.38999989,0.41201259,0.40080973,0.37888702,0.37274090
37.63915,0.35890410,0.30609186,0.29093581,0.32044172,0.38111098,0.40779769,0.39777323,0.37152201,0.36746971
37.92855,0.35205485,0.29717659,0.28654997,0.31491695,0.37555530,0.40463640,0.38967605,0.36579370,0.36144571
38.21794,0.34520559,0.28380379,0.28362593,0.31629819,0.36888866,0.40252888,0.39271240,0.36252042,0.35466857
38.50734,0.33835613,0.27786014,0.27485425,0.30801073,0.36222202,0.40042151,0.38663955,0.35761046,0.35015040
38.79673,0.33287677,0.27191648,0.26900618,0.30801073,0.35777748,0.39409893,0.38461521,0.35597376,0.34713840
39.08612,0.32602751,0.26002960,0.26023429,0.30386720,0.34999970,0.38777651,0.37753020,0.34942698,0.34111429
39.37552,0.32328773,0.25111433,0.25438643,0.29281745,0.34555516,0.38356161,0.37246951,0.34779029,0.33960834
39.66491,0.31780837,0.24368476,0.24561432,0.27762417,0.33888868,0.37513166,0.36538449,0.34124375,0.33509029
39.95431,0.31643827,0.23922723,0.24122848,0.26795567,0.33111090,0.36775548,0.36639666,0.33797036,0.33132515
40.2437,0.31369869,0.23625540,0.23830444,0.27209920,0.33333301,0.36775548,0.36538449,0.33551531,0.32906607
40.53309,0.30821933,0.23179766,0.23245637,0.28176770,0.33333301,0.36564795,0.36437232,0.33387862,0.32831315
40.82249,0.31095911,0.23031174,0.23391839,0.27762417,0.32777734,0.36248666,0.36538449,0.33142358,0.32530104
41.11188,0.30410985,0.22882605,0.23391839,0.26519318,0.32444410,0.36459419,0.36437232,0.32733196,0.32379509
41.40128,0.30137007,0.22734013,0.23245637,0.25828716,0.32222183,0.35932553,0.36336016,0.32405869,0.32530104
41.69067,0.30137007,0.23031196,0.23245637,0.25966820,0.32222183,0.35827192,0.36538434,0.32405869,0.32605407
41.98006,0.29315072,0.22139669,0.22807032,0.25138094,0.31555535,0.35511063,0.35931149,0.32078542,0.32002995
42.26946,0.29452062,0.22139669,0.22514628,0.25414323,0.31555535,0.36143306,0.36032366,0.32324034,0.32228904
42.55885,0.29452062,0.22288260,0.22368426,0.26795546,0.31555535,0.35721801,0.35728730,0.32405881,0.32454812
42.84825,0.29315072,0.21842486,0.22368426,0.26104945,0.31444421,0.35194935,0.35425080,0.32242211,0.32304206
43.13764,0.29726040,0.22288260,0.22953212,0.26381173,0.31777761,0.36354043,0.36032366,0.32733220,0.32756012
43.42703,0.30137007,0.23031196,0.23099414,0.26381173,0.31777761,0.36459419,0.36234799,0.33060547,0.33057212
43.71643,0.30000018,0.23031196,0.23245594,0.26381173,0.31666648,0.36459419,0.36133597,0.33142382,0.32981909
44.00582,0.30273996,0.23476970,0.23684200,0.27348024,0.32111086,0.36459419,0.36336030,0.33633378,0.33057212
44.29522,0.29726060,0.22734035,0.23391796,0.27762397,0.32111086,0.36880924,0.35627529,0.33469721,0.32756012
44.58461,0.28767156,0.21248164,0.22076023,0.27209899,0.31333308,0.35511063,0.34919027,0.32733220,0.32379498
44.874,0.28904125,0.21248164,0.22076023,0.26519298,0.31111081,0.35300326,0.34817795,0.32487727,0.32078287
45.1634,0.27808232,0.21099551,0.21929821,0.26104945,0.31333308,0.34457331,0.34514160,0.32569562,0.32153590
45.45279,0.29041094,0.22139669,0.23099414,0.27486168,0.32666653,0.35300326,0.35425095,0.33387898,0.32756001
45.74218,0.30958922,0.23625562,0.24853814,0.28591123,0.33999982,0.36880924,0.36538464,0.34369891,0.33659612
46.03158,0.32465762,0.25111454,0.26315811,0.30110471,0.35444424,0.37934671,0.37753034,0.35597400,0.34864435
46.32097,0.35205505,0.27934627,0.28508774,0.32872899,0.37666660,0.39093779,0.40080973,0.37315894,0.36521074
46.61037,0.36575356,0.29866272,0.30116972,0.33977874,0.38999989,0.39726037,0.41194342,0.38052395,0.37123474
46.89976,0.38082216,0.31946509,0.31286586,0.34392247,0.40222220,0.40885145,0.42206479,0.38952553,0.37725896
47.18915,0.39589057,0.33432402,0.32309978,0.35773470,0.41222225,0.42044253,0.43522281,0.39770889,0.38328307
47.47855,0.41095897,0.34621111,0.33625772,0.36464072,0.42222230,0.42571135,0.44331985,0.40180051,0.38780113
47.76794,0.42328779,0.35809821,0.35087748,0.39502748,0.43222234,0.43308753,0.45344137,0.40834717,0.39382524
48.05734,0.44246587,0.37890058,0.35818735,0.40607723,0.44555563,0.43835619,0.46558707,0.41653052,0.40210843
48.34673,0.45479469,0.39821703,0.37280732,0.41160201,0.45333341,0.45100119,0.47570859,0.41980379,0.40813255
48.63902,0.47397277,0.42199101,0.39473716,0.43922628,0.47111124,0.46048475,0.49493931,0.43289712,0.42319277
48.92841,0.50410977,0.45913822,0.42982495,0.46270702,0.49555587,0.48893572,0.52226737,0.45826541,0.44201802
49.21781,0.52191796,0.47251123,0.45175479,0.47375677,0.51333369,0.50474170,0.53643741,0.47054027,0.45180727
49.5072,0.54520571,0.50222887,0.47368442,0.48618756,0.53000022,0.52370912,0.55161961,0.48199689,0.46234944
49.79659,0.55205517,0.51411597,0.48391834,0.49171254,0.53777800,0.53213892,0.56174113,0.48854355,0.46837355
50.08599,0.56301390,0.53194651,0.50146212,0.49861855,0.55000032,0.54267639,0.57388684,0.49754514,0.47515058
50.37538,0.56575368,0.53046059,0.50292436,0.49447482,0.55000032,0.54478391,0.57388684,0.49509021,0.46987950
50.66478,0.56849346,0.53491834,0.51023423,0.49861855,0.55222242,0.55321386,0.57186250,0.49590844,0.47213847
50.95417,0.57534292,0.53788995,0.52046814,0.51243059,0.55777793,0.56269757,0.57793536,0.50163675,0.47891561
51.24356,0.58630185,0.54531952,0.53655013,0.52900532,0.56777798,0.57639633,0.58805688,0.50818342,0.48644567
51.53296,0.60821971,0.57206533,0.56286581,0.55110481,0.59000018,0.59009494,0.60526327,0.52373166,0.50150600
51.82235,0.61369907,0.58098060,0.57163771,0.55110481,0.59666682,0.59009494,0.61032410,0.53027832,0.50828303
52.11175,0.61780855,0.58989587,0.58187162,0.54834233,0.60777801,0.59430984,0.61740912,0.53273336,0.51129514
52.40114,0.62054833,0.58840995,0.59210553,0.56353581,0.61000011,0.60379355,0.61842129,0.53191502,0.51204817
52.69053,0.62328791,0.58989587,0.60087764,0.57044203,0.62111129,0.61643839,0.62854280,0.53928002,0.51581320
52.97993,0.62739758,0.59435361,0.60233944,0.56906078,0.62000016,0.61959968,0.62651847,0.54255341,0.51581320
53.26932,0.62602769,0.58989587,0.59941541,0.56077372,0.61777789,0.61433102,0.62246995,0.53682510,0.51355422
53.55872,0.62876748,0.60029705,0.60380146,0.56906098,0.62222227,0.61643854,0.62449429,0.54091672,0.51807239
53.84811,0.64794555,0.61961351,0.62280727,0.60221023,0.63666685,0.63119091,0.63866432,0.55237335,0.52710850
54.1375,0.67671267,0.64635953,0.64766114,0.64640903,0.65555565,0.65015833,0.65182205,0.56546667,0.54292175
54.4269,0.68630171,0.65527458,0.66228111,0.67817703,0.66555569,0.66174942,0.65688288,0.57201321,0.55045192
54.71629,0.71095915,0.68796427,0.69152062,0.70718255,0.68666676,0.68282421,0.67510144,0.58919815,0.56701820
55.00568,0.71506882,0.69539362,0.69736869,0.70165777,0.69000016,0.68703910,0.67813794,0.59083484,0.56852426
55.29508,0.72465786,0.70579481,0.70467856,0.70027653,0.69333357,0.68809287,0.68117429,0.59328988,0.57003020
55.58447,0.73424690,0.71471008,0.71637428,0.70442026,0.70111135,0.69441529,0.69028350,0.59819985,0.57530129
55.87387,0.72739744,0.70579481,0.71491248,0.71408877,0.69777794,0.69546905,0.68421064,0.59328988,0.57078323
56.16326,0.73424690,0.71471029,0.72076033,0.73895055,0.70666685,0.70600652,0.68927133,0.59492646,0.57304220
56.45265,0.75068520,0.72956900,0.73684211,0.74723781,0.71888917,0.72497379,0.70040487,0.60638309,0.58132540
56.74205,0.76301402,0.74442771,0.75292409,0.75828756,0.73333359,0.73761879,0.71356274,0.61538479,0.59036151
57.03144,0.78082220,0.75482890,0.76462002,0.77209980,0.74444477,0.74394121,0.72064776,0.62193133,0.59864459
57.32084,0.79178113,0.76374438,0.78070179,0.78038686,0.75555579,0.75026363,0.73380563,0.62602295,0.60542173
57.61023,0.80684974,0.77860309,0.79824579,0.79834263,0.76777811,0.76396239,0.73785430,0.63420630,0.61219876
57.89962,0.81643877,0.78454675,0.80555567,0.81767964,0.77222248,0.77239219,0.75000000,0.63993462,0.61671693
58.18902,0.83287707,0.79643363,0.81871362,0.84392287,0.78666691,0.78398342,0.76214570,0.64893620,0.62575304
58.47841,0.83561685,0.79940546,0.83040955,0.83701665,0.79222242,0.78714456,0.77024289,0.65711956,0.62876504
58.76781,0.85616462,0.82763740,0.85233939,0.85911615,0.81000024,0.79978940,0.79149795,0.67021288,0.64156629
59.0572,0.89041130,0.86181256,0.89035121,0.89640893,0.83777811,0.82613301,0.81983802,0.68903439,0.66114457
59.34659,0.93698640,0.90936096,0.94005876,0.94889519,0.87777798,0.86196032,0.85627529,0.72013100,0.68900605
59.63599,0.95068512,0.93164924,0.95467872,0.97513842,0.89444483,0.87144403,0.86639680,0.72913259,0.69954822
59.92538,0.95068512,0.93759290,0.95614053,0.98204443,0.89555580,0.86828274,0.86234829,0.72995093,0.70180730
60.21478,0.95068512,0.93907881,0.95321649,0.97099448,0.89555580,0.86617537,0.86234829,0.72831436,0.70180730
60.50417,0.95479479,0.94205064,0.96052637,0.96408847,0.89888921,0.86722898,0.86740897,0.73076928,0.70331335
60.79646,0.96027415,0.95245182,0.96783646,0.96685095,0.90555585,0.86512146,0.87348197,0.73404267,0.70933747
61.08585,0.98356190,0.98068355,0.99269012,0.98342548,0.92222254,0.88303496,0.89372486,0.75040926,0.72289174
61.37525,0.98767138,0.99257086,1.00000000,1.00000000,0.92777805,0.88830362,0.90080988,0.75695592,0.73042180
61.66464,0.98493160,0.99108495,0.99561395,0.99723751,0.92333351,0.88619609,0.89574920,0.75286431,0.72590375
61.95403,0.96986319,0.97622602,0.97660814,0.98204423,0.91000023,0.87776615,0.88663984,0.74140768,0.71536158
62.24343,0.95890426,0.96285301,0.96637423,0.96270722,0.90333358,0.86933620,0.87449414,0.73158775,0.70783141
62.53282,0.93150704,0.93313559,0.94298237,0.91850822,0.88111122,0.84931517,0.85425125,0.71522116,0.69126524
62.82222,0.91917842,0.92422010,0.92982442,0.89778997,0.87444457,0.84193898,0.84514190,0.70458288,0.68373507
63.11161,0.90410981,0.90490365,0.90935659,0.86464092,0.85666691,0.82297156,0.82995954,0.69312625,0.66867485
63.401,0.86575366,0.86032730,0.86549691,0.82182317,0.82666677,0.79557435,0.79959513,0.66939465,0.64834343
63.6904,0.81643877,0.80832138,0.81286533,0.77486189,0.78444464,0.75342461,0.76315787,0.63911639,0.61822298
63.97979,0.79315102,0.78157536,0.79239751,0.74723741,0.76777778,0.73972601,0.75101217,0.62602307,0.60542173
64.26918,0.77260306,0.75780116,0.77046766,0.73756891,0.75555563,0.72497364,0.73684213,0.61292987,0.59337362
64.55858,0.76164433,0.74294223,0.75877173,0.73066289,0.74222218,0.71759745,0.72672061,0.60474651,0.58283145
64.84797,0.74246625,0.72659761,0.73830391,0.72651936,0.72444436,0.70389869,0.70748989,0.59165331,0.57078323
65.13737,0.71506882,0.69390814,0.70467814,0.69198887,0.69666648,0.68598519,0.68623483,0.56955828,0.54969889
65.42676,0.67397309,0.64933158,0.66228068,0.65607733,0.66444440,0.64805065,0.65182175,0.54255341,0.52484942
65.71615,0.64383608,0.61961394,0.63450298,0.62016580,0.63999993,0.62592210,0.62651818,0.52455025,0.50451811
66.00555,0.62465800,0.59583974,0.61257314,0.60221003,0.62444437,0.61222349,0.60829947,0.51554854,0.49472886
66.29494,0.60821951,0.58543856,0.59795317,0.59530401,0.61222222,0.60168617,0.59817795,0.50818353,0.48569275
66.58434,0.60000036,0.58098082,0.59356733,0.59116028,0.60333331,0.59852489,0.59311727,0.50409192,0.48192772
66.87373,0.58356206,0.56017823,0.57456131,0.57596700,0.58888888,0.58271891,0.57995954,0.49345364,0.47289150
67.16312,0.55479495,0.52600285,0.53947374,0.55939248,0.55666664,0.55321417,0.54959513,0.47217696,0.45406625
67.45252,0.52328805,0.48736994,0.50146191,0.53038696,0.52999990,0.52687056,0.51923072,0.44844536,0.43674694
67.74191,0.49178115,0.45616639,0.46929816,0.49309418,0.49777765,0.49420469,0.49291498,0.42553211,0.41415655
68.03131,0.47945233,0.43982155,0.45467840,0.47513822,0.47999999,0.48050593,0.47773292,0.41325713,0.40286146
68.3207,0.46301384,0.42199101,0.43421058,0.45856369,0.45777762,0.46153866,0.45748989,0.40016393,0.38780124
68.61009,0.46027405,0.42199101,0.42836251,0.44475145,0.45111098,0.45943114,0.45040487,0.39361727,0.38027107
68.89949,0.45205491,0.41753327,0.42105263,0.43232046,0.44111110,0.45100119,0.43927133,0.38707049,0.37725907
69.18888,0.44246567,0.40416026,0.40497065,0.41298345,0.42999991,0.43730243,0.42206479,0.38052383,0.36897598
69.47828,0.43698630,0.39821660,0.39619875,0.41712718,0.42111100,0.42360382,0.40890692,0.37888714,0.36521085
69.76767,0.43013685,0.39078724,0.38011698,0.41574594,0.41111095,0.42255006,0.40080973,0.37315870,0.35843371
70.05706,0.42876696,0.38038606,0.36842084,0.41022096,0.40222204,0.41095898,0.39473688,0.36333877,0.35316262
70.34646,0.42191770,0.37444262,0.35672491,0.40055246,0.39222216,0.40252903,0.38461536,0.35351872,0.34412651
70.63585,0.40958888,0.36255552,0.34795301,0.38397773,0.38222211,0.38883027,0.37550616,0.34451714,0.33659634
70.92525,0.40273962,0.35364025,0.33625708,0.37016570,0.37222206,0.37723919,0.36437247,0.33715213,0.32756023
71.21464,0.39999984,0.35215434,0.33333326,0.37016570,0.36666655,0.37197037,0.35627529,0.33306039,0.32228915
71.50403,0.40684910,0.35364025,0.33918133,0.36464072,0.37222206,0.37723919,0.36336030,0.33551543,0.32153612
71.79343,0.41232866,0.36106982,0.34502919,0.36464072,0.37222206,0.37934671,0.36639666,0.33797036,0.32153612
72.08282,0.42465748,0.37444262,0.35672512,0.37016570,0.38444438,0.39515285,0.37550601,0.34615371,0.32680720
72.37511,0.43150694,0.37890036,0.36257319,0.37016570,0.38999989,0.40358295,0.37753020,0.34697206,0.33132526
72.6645,0.44931512,0.39375929,0.37865496,0.39364624,0.40555544,0.42044269,0.39170023,0.36006526,0.34262046
72.9539,0.45753447,0.39524499,0.39035089,0.39364624,0.41111112,0.42465758,0.39777309,0.36743027,0.34789154
73.24329,0.47123298,0.40713209,0.39766077,0.40469619,0.42222230,0.43098016,0.40789460,0.37479528,0.35240960
73.53268,0.48904137,0.42644854,0.42105263,0.42817673,0.43444445,0.44257140,0.42914966,0.38379686,0.36219874
73.82208,0.50547966,0.44576521,0.44590651,0.45303872,0.45333341,0.45732377,0.44331970,0.39443526,0.37349393
74.11147,0.52054827,0.46359575,0.47076039,0.46270722,0.46777783,0.46996861,0.45445324,0.40261850,0.38403621
74.40087,0.54520571,0.49034156,0.50000011,0.49309398,0.49000003,0.48998964,0.47570830,0.42225848,0.39984946
74.69026,0.57397303,0.51857328,0.53070206,0.52900572,0.51555564,0.50579593,0.50101202,0.43862507,0.41566271
74.97965,0.60958940,0.54680500,0.56286581,0.56629850,0.54111124,0.53108561,0.52530358,0.45826505,0.43524099
75.26905,0.63698662,0.57355103,0.59064373,0.59530401,0.56333344,0.55216041,0.54352228,0.47463165,0.45105424
75.55844,0.66575374,0.60624049,0.62134546,0.63121575,0.58777791,0.58271891,0.56680167,0.49263505,0.46762052
75.84784,0.69178127,0.64190179,0.65350900,0.66712728,0.61111125,0.60273994,0.58704456,0.50900164,0.48268086
76.13723,0.71232904,0.66419007,0.67836288,0.69613280,0.63000021,0.62802978,0.60526327,0.52045827,0.49322303
76.42662,0.72465786,0.67904878,0.69444465,0.70994504,0.63777798,0.63329844,0.60931193,0.52373154,0.49548200
76.71602,0.73287701,0.69242179,0.70467856,0.73066329,0.64666690,0.63856710,0.61639695,0.52864163,0.49246989
77.00541,0.73287701,0.69390771,0.70467856,0.71823250,0.64666690,0.64067462,0.61133627,0.52291331,0.48795183
77.29481,0.73835637,0.69985115,0.70614080,0.72790101,0.64777803,0.64278215,0.61437277,0.52291331,0.48719880
77.5842,0.75068520,0.71322416,0.72807042,0.74585677,0.66777796,0.66280333,0.63259132,0.53436994,0.49849411
77.87359,0.77123336,0.73848427,0.75146228,0.76795607,0.69777810,0.69546920,0.65485870,0.55482827,0.51581331
78.16299,0.79315102,0.75780073,0.76900607,0.78453059,0.71333366,0.71443663,0.67510159,0.56628489,0.52560245
78.45238,0.80821943,0.76671621,0.78508806,0.80386760,0.73111149,0.73445765,0.68927162,0.57937822,0.53915673
78.74178,0.82054825,0.78454675,0.79824601,0.81215487,0.73555586,0.74078008,0.68927162,0.58265149,0.54216873
79.03117,0.82739750,0.79494793,0.80701769,0.81906088,0.73777813,0.74921002,0.69332014,0.59001638,0.54442781
79.32056,0.83150718,0.80534912,0.81286576,0.83149188,0.74222251,0.75131740,0.69332014,0.59083472,0.54216873
79.60996,0.82739750,0.80980686,0.81432756,0.82596690,0.74333364,0.74604874,0.69332014,0.59083472,0.54292175
79.89935,0.82328803,0.80534912,0.80847970,0.81077362,0.73888926,0.73761879,0.69230812,0.58510641,0.53915662
80.18875,0.81232890,0.78751858,0.79239793,0.79005537,0.72666695,0.72497394,0.67915010,0.57528648,0.53087353
80.47814,0.80547964,0.78157492,0.78654986,0.77900562,0.72111128,0.71338271,0.67004075,0.57283144,0.52635536
80.76753,0.80137017,0.77711740,0.77923999,0.77209940,0.71777787,0.71022142,0.66498007,0.57283144,0.52635536
81.05693,0.80137017,0.77414557,0.78070200,0.76519338,0.71888901,0.71022142,0.66498007,0.57364978,0.53162645
81.34632,0.80000028,0.77563126,0.78362604,0.77900542,0.71666674,0.71022142,0.66801642,0.57528648,0.53237959
81.63572,0.79589061,0.77711740,0.77923999,0.76243089,0.71111107,0.70284524,0.66295573,0.57201321,0.52936748
81.92511,0.78082220,0.75780073,0.76169620,0.74585637,0.69000000,0.68177044,0.64170068,0.55646496,0.51506017
82.2145,0.75616456,0.72511126,0.73245648,0.71546981,0.65666662,0.64488937,0.61234829,0.53273324,0.49246989
82.5039,0.72191808,0.68944996,0.69736869,0.68784554,0.62777761,0.61959952,0.58603254,0.50981999,0.46912647
82.79329,0.70000022,0.67161943,0.67543906,0.66298355,0.60222201,0.58587973,0.56781384,0.49018013,0.44578305
83.08268,0.67534278,0.64784523,0.65058518,0.63950301,0.58444435,0.56585871,0.55060745,0.47463188,0.42996980
83.37208,0.65753459,0.63001469,0.63304139,0.61187874,0.56888879,0.54373015,0.53340091,0.45990187,0.41867460
83.66147,0.64657566,0.61664189,0.61988344,0.59116028,0.55999988,0.52687041,0.52530372,0.45008194,0.41265049
83.95087,0.64383588,0.60475480,0.61257335,0.58701675,0.54999999,0.51949422,0.51923072,0.44271693,0.40512043
84.24315,0.63835651,0.59732522,0.60818751,0.58701675,0.54222221,0.51106428,0.51214570,0.43698861,0.39834330
84.53255,0.63150726,0.59435361,0.59795360,0.58701675,0.53777768,0.51211804,0.50607300,0.43371534,0.39608432
84.82194,0.62876748,0.59138178,0.59649158,0.57734825,0.53333330,0.50790314,0.50506083,0.42962373,0.39231929
85.11134,0.63013737,0.58989609,0.59941541,0.59668526,0.53444444,0.50474186,0.50607300,0.42962373,0.39307221
85.40073,0.63561673,0.60029727,0.60818751,0.60635376,0.53888881,0.51106428,0.51113369,0.43044207,0.39457827
85.69012,0.64246599,0.60772662,0.61257335,0.59806630,0.54555545,0.50474186,0.51315802,0.42962373,0.39759038
85.97952,0.65205503,0.61664189,0.62573109,0.61602207,0.55444453,0.51633294,0.52125520,0.43453369,0.40436752
86.26891,0.65479481,0.62258533,0.62134504,0.61325958,0.55555566,0.51001051,0.52125520,0.43453369,0.40512054
86.55831,0.65479481,0.62704308,0.62426907,0.62430933,0.55666680,0.51317180,0.52327954,0.43207865,0.40813255
86.8477,0.66438385,0.64190201,0.63450298,0.63674012,0.56222247,0.50895675,0.52327954,0.43535192,0.41340363
87.13709,0.66986321,0.64784545,0.63888904,0.63812136,0.56666684,0.51211804,0.52327954,0.43698861,0.41792180
87.42649,0.67397289,0.64635953,0.64327509,0.63674012,0.56888911,0.51844046,0.52834037,0.43617039,0.41867471
87.71588,0.66849332,0.64338770,0.63888904,0.64364634,0.56888911,0.52476304,0.52327954,0.43371534,0.41716877
88.00528,0.66027417,0.63298652,0.63304118,0.63397783,0.56000004,0.52054799,0.51214600,0.42880538,0.41265071
88.29467,0.64931524,0.62555716,0.61842143,0.61325958,0.55222226,0.51317180,0.50202448,0.42225872,0.40587357
88.58406,0.64657566,0.62407147,0.61257335,0.60082859,0.54999999,0.51527933,0.50202448,0.41980368,0.40587357
88.87346,0.64794555,0.62258533,0.61549739,0.59254132,0.54666675,0.50790314,0.50000015,0.41734875,0.40286157
89.16285,0.65068514,0.62407125,0.61695919,0.60220983,0.54777789,0.50895691,0.50000015,0.41734875,0.40436752
89.45225,0.64520577,0.61812781,0.60964932,0.59530381,0.53888897,0.50052696,0.49291498,0.41162044,0.39759049
89.74164,0.63013717,0.60178297,0.58771948,0.58149157,0.52333342,0.48155969,0.47773292,0.40343708,0.38855426
90.03103,0.62054813,0.59138178,0.58040960,0.57596680,0.51111110,0.47839840,0.47368426,0.39607208,0.38102421
90.32043,0.60410983,0.57652307,0.56140379,0.55110481,0.49555554,0.46048490,0.45951422,0.38461545,0.36897598
90.60982,0.58904143,0.56463619,0.54824585,0.53591153,0.48333323,0.45416232,0.44635635,0.37725044,0.35993976
90.89922,0.58219217,0.55126318,0.53655013,0.50690602,0.47111091,0.44573253,0.43724700,0.36988555,0.34864457
91.18861,0.56986335,0.53343242,0.52631622,0.48756901,0.46222216,0.44362500,0.43016198,0.36333889,0.34036137
91.478,0.55616464,0.51708758,0.51169625,0.47928175,0.44999985,0.43203377,0.41801612,0.35433719,0.32906607
91.7674,0.54246613,0.50520048,0.50000032,0.47513801,0.44111110,0.41728140,0.40384609,0.34860887,0.32228904
92.05679,0.53698656,0.49777113,0.48830460,0.46132578,0.43333332,0.40779769,0.39777323,0.34288056,0.31626493
92.34618,0.53287709,0.49182747,0.48245653,0.45718225,0.42666667,0.40463656,0.39574905,0.33715225,0.31024081
92.63558,0.52876742,0.48439790,0.48245653,0.47375677,0.42111100,0.40463656,0.39676107,0.33306051,0.30647568
92.92497,0.51780849,0.47399672,0.47514666,0.47099428,0.41333322,0.38988419,0.37854236,0.32733220,0.29894562
93.21437,0.51232892,0.46359553,0.46783678,0.47928154,0.40999998,0.38672290,0.37348168,0.32242223,0.29367453
93.50376,0.50000030,0.45022252,0.45614085,0.46546951,0.40333318,0.37723919,0.36336030,0.31260218,0.28539134
93.79315,0.49726052,0.44873660,0.45175479,0.45718225,0.40444431,0.37618543,0.36133597,0.31014726,0.28388528
94.08255,0.49452073,0.45022274,0.45467883,0.45441976,0.40333318,0.37407790,0.36336030,0.30932891,0.28162631
94.37194,0.49178115,0.44725091,0.45029299,0.45165727,0.40111107,0.36670172,0.35728730,0.31014726,0.27710826
94.66134,0.49452093,0.44873660,0.45760287,0.46408826,0.40666658,0.37407790,0.36032366,0.31342053,0.27786128
94.95073,0.49452093,0.44873660,0.45906467,0.46546951,0.40444447,0.37829295,0.36133582,0.31096549,0.27409625
95.24012,0.48767148,0.44576499,0.45614064,0.46823200,0.40333334,0.37197053,0.35222662,0.30687387,0.26957831
95.52952,0.48493190,0.44725091,0.45321660,0.46408826,0.39888880,0.36670187,0.34716593,0.30523717,0.26807225
95.81891,0.48082222,0.44576521,0.44736853,0.46132578,0.39555540,0.36670187,0.34008091,0.30114556,0.26807225
96.1112,0.47534266,0.44130747,0.44005865,0.45303872,0.38777762,0.36564811,0.33502023,0.29459878,0.26204814
96.40059,0.46849320,0.43239220,0.43421058,0.44060772,0.37888887,0.36037945,0.33400791,0.28805223,0.25753008
96.68999,0.45753447,0.42199101,0.42105263,0.42679549,0.36999979,0.35616440,0.32388654,0.28150545,0.25150608
96.97938,0.44246587,0.40267456,0.40497065,0.39778997,0.35666651,0.34141203,0.30668000,0.27086729,0.24096391
97.26878,0.42465768,0.38187219,0.38011677,0.39226520,0.34222208,0.32349852,0.29757080,0.26022890,0.22891569
97.55817,0.40273982,0.36552757,0.35672491,0.36325948,0.32222215,0.30558487,0.28238845,0.24795404,0.21536141
97.84756,0.38082196,0.34026746,0.33333305,0.35220973,0.29999979,0.29293987,0.26518206,0.23322403,0.20105422
98.13696,0.35890410,0.31797917,0.31140321,0.33011023,0.27666645,0.27291884,0.25101202,0.21767578,0.18825297
98.42635,0.34246561,0.29420498,0.28801135,0.31077322,0.26333317,0.25605894,0.23582981,0.20294588,0.17846383
98.71575,0.32465742,0.27340261,0.27046756,0.28867372,0.25111085,0.24130657,0.22064761,0.18903422,0.16792166
99.00514,0.30273956,0.25260024,0.24268986,0.26933671,0.23222205,0.22023163,0.20546555,0.17266774,0.15512041
99.29453,0.29041074,0.23625540,0.23245594,0.24861845,0.22333298,0.20969431,0.19736837,0.16448439,0.14909630
99.58393,0.27945181,0.22585422,0.22368384,0.23756870,0.21555520,0.20021060,0.19230753,0.15711950,0.14382521
99.87332,0.27397245,0.21693895,0.21198812,0.22237522,0.20666645,0.19810307,0.18825901,0.15139118,0.13704807
100.16272,0.27397245,0.20950959,0.20906408,0.20856319,0.20222191,0.19599570,0.19129551,0.14811779,0.13102396
100.45211,0.26712319,0.20208024,0.20467824,0.19198846,0.19666640,0.18651215,0.18623483,0.14484452,0.12575288
100.7415,0.26027393,0.19465088,0.19590635,0.19336971,0.18888862,0.17808204,0.17408912,0.14238948,0.12048179
101.0309,0.26986297,0.20059432,0.20175421,0.19060722,0.19444413,0.17492091,0.17712548,0.14566287,0.12048179
101.32029,0.28219159,0.21693916,0.21345035,0.20580070,0.20666645,0.18124349,0.18927133,0.15220953,0.12725893
101.60968,0.29178063,0.23031196,0.22514607,0.19751324,0.20888872,0.19599586,0.19230783,0.15139118,0.12876499
101.89908,0.29041094,0.22585422,0.22368426,0.19336971,0.20777758,0.19494209,0.18927133,0.14811779,0.12951802
102.18847,0.29178063,0.23031196,0.22076023,0.18646369,0.21111099,0.18967343,0.18825916,0.15139118,0.13027104
102.47787,0.29726020,0.24071314,0.22953191,0.19613219,0.21777763,0.20126452,0.18927133,0.15466446,0.13328304
102.76726,0.29999998,0.24368476,0.23391796,0.20165717,0.21444423,0.20969462,0.18522281,0.15548280,0.13328304
103.05665,0.30410965,0.24814250,0.23391796,0.20165717,0.21333309,0.21390951,0.18522281,0.15793773,0.13478910
103.34605,0.31369869,0.25260024,0.24268986,0.20580070,0.21555536,0.21917833,0.18927133,0.16284769,0.14006018
103.63544,0.31917826,0.26300143,0.24561389,0.22375667,0.21777763,0.22233946,0.19028350,0.16530273,0.14156624
103.92484,0.32876730,0.27340261,0.25584781,0.24033119,0.22444427,0.22760812,0.19635635,0.16939435,0.14759035
104.21423,0.33698644,0.28083196,0.26900575,0.25414343,0.23222205,0.22971565,0.20040487,0.17021270,0.15135549
104.50362,0.34109592,0.28974702,0.28070168,0.27624293,0.23888886,0.23393070,0.19838068,0.17512267,0.15286143
104.79302,0.35479463,0.30312003,0.29532165,0.30110471,0.25111117,0.24762915,0.21052639,0.17675936,0.15813252
105.08241,0.36438367,0.31203530,0.30994140,0.30248616,0.26222219,0.25711286,0.22064790,0.17839606,0.16265057
105.37181,0.36438367,0.31500713,0.31432746,0.30939218,0.26666657,0.26448904,0.22469642,0.17512267,0.16189744
105.6612,0.35890430,0.31054939,0.30847938,0.30939218,0.26111106,0.26132791,0.22064790,0.16939435,0.15963846
105.95059,0.35890430,0.31352121,0.31140342,0.32044193,0.26555544,0.25711286,0.22267209,0.17348597,0.16189744
106.23999,0.37123312,0.32986606,0.32309935,0.33287272,0.27666662,0.26659657,0.23076928,0.17839606,0.16490944
106.52938,0.37534260,0.33580950,0.32748519,0.34254122,0.27888872,0.26870409,0.23279361,0.17839606,0.16566246
106.81878,0.37260282,0.32689423,0.31871351,0.33563520,0.27444435,0.26132791,0.22773292,0.17348597,0.16189744
107.10817,0.37397271,0.32689423,0.32163755,0.32596670,0.27666662,0.25605925,0.22773292,0.17184939,0.15963835
107.39756,0.36849314,0.32095057,0.31871351,0.33563520,0.27444451,0.24762930,0.22570859,0.16857612,0.15587321
107.68696,0.36712325,0.31797874,0.31871351,0.33287272,0.27222224,0.24657554,0.22165992,0.16612120,0.15060213
107.97925,0.36575336,0.31500691,0.31432746,0.32458546,0.26888884,0.24236049,0.21761140,0.16530285,0.14683710
108.26864,0.36575336,0.31500691,0.30994140,0.31491695,0.26777770,0.24657539,0.21356289,0.16366628,0.14156602
108.55803,0.36301378,0.31352121,0.30555556,0.30939218,0.26666673,0.24446786,0.20951422,0.16202958,0.13930694
108.84743,0.35753421,0.30757756,0.29385963,0.29143621,0.25777766,0.23603791,0.21153855,0.15630127,0.13478888
109.13682,0.34383570,0.29420454,0.27339181,0.26795567,0.24222210,0.21812426,0.19939285,0.15057296,0.12575277
109.42622,0.33424666,0.28380336,0.25877184,0.25690572,0.23333335,0.21180183,0.18927133,0.14484464,0.11972877
109.71561,0.32054795,0.27043035,0.24415209,0.25690572,0.21666666,0.20021060,0.17712548,0.13993468,0.11295163
110.005,0.31643827,0.26002916,0.23976625,0.24309368,0.20777775,0.19283441,0.16497977,0.13502471,0.10692762
110.2944,0.30821933,0.24219862,0.22807032,0.22513771,0.19444446,0.18335070,0.15283407,0.12520478,0.09939757
110.58379,0.30136987,0.23031174,0.22514650,0.22790020,0.18777765,0.17070571,0.14878540,0.11702143,0.09563254
110.87318,0.30136987,0.22733991,0.22222246,0.21961294,0.18111117,0.16543689,0.14574905,0.11702143,0.09186751
111.16258,0.30410965,0.23328357,0.22953234,0.21685045,0.18444441,0.16649081,0.15080973,0.11947647,0.09337357
111.45197,0.30958902,0.23774131,0.23538041,0.23204373,0.18888879,0.17386699,0.16093110,0.12111304,0.09713859
111.74137,0.31643847,0.24368476,0.24269028,0.23342517,0.19111089,0.18229679,0.16599194,0.12602301,0.10240968
112.03076,0.32191784,0.25111411,0.24853814,0.23204393,0.19444430,0.18545808,0.16902844,0.12765970,0.10617471
112.32015,0.31232880,0.23922723,0.24269028,0.23066269,0.18777765,0.17913565,0.16295559,0.12111304,0.10240968
112.60955,0.29726040,0.22139647,0.22660830,0.20580090,0.17222210,0.16332967,0.15182205,0.11211134,0.09412648
112.89894,0.27945221,0.20653755,0.20906451,0.19060762,0.15444427,0.14330865,0.13967620,0.10147306,0.08584340
113.18834,0.25890424,0.18424948,0.19444455,0.18093912,0.13888871,0.12434123,0.11943330,0.08919797,0.07906626
113.47773,0.24657542,0.17087647,0.18567265,0.16574564,0.12777753,0.11275014,0.10728760,0.08183296,0.07379517
113.76712,0.23150702,0.15601776,0.17105268,0.14364634,0.11333311,0.09694401,0.09716608,0.06955799,0.06400603
114.05652,0.21780831,0.14115905,0.15643272,0.10911605,0.10444403,0.07797674,0.08603254,0.06137463,0.05873495
114.34591,0.20547968,0.13224356,0.14327477,0.09530401,0.09777755,0.07165432,0.07995954,0.05482809,0.05045176
114.63531,0.19589065,0.12778604,0.13450288,0.07596700,0.09333302,0.06638566,0.08097171,0.05155470,0.04894570
114.9247,0.18219193,0.11589894,0.11842089,0.05662999,0.07888859,0.06111700,0.06882586,0.04746308,0.04141564
115.21409,0.17397279,0.11441302,0.11549686,0.05801103,0.07888859,0.06111700,0.06578950,0.04009819,0.03990959
115.50349,0.16164397,0.09955410,0.09941509,0.04696149,0.06777757,0.05163329,0.05060745,0.03436988,0.03087337
115.79288,0.14109620,0.08320947,0.07309919,0.02209950,0.05222202,0.03371964,0.02834008,0.02373160,0.01882525
116.08228,0.12739748,0.07132237,0.05847944,0.00552498,0.04222213,0.02107479,0.01923072,0.01227497,0.00978914
116.37167,0.10958930,0.05200592,0.03654981,0.00828726,0.02999982,0.00632242,0.00202433,0.00327339,0.00075303
116.66106,0.11095919,0.05349183,0.03216375,0.00000000,0.02777771,0.00000000,0.00000000,0.00000000,0.00000000
116.95046,0.11780845,0.06092141,0.03801161,0.01381204,0.03555549,0.00421490,0.00506069,0.00490997,0.00677703
117.23985,0.12465770,0.06389323,0.04824553,0.02624283,0.04444440,0.01580598,0.01113354,0.00900170,0.00978914
117.52925,0.13013707,0.06686506,0.04678372,0.02209910,0.04666667,0.02107479,0.01720639,0.01391167,0.01054206
117.81864,0.13424674,0.06835098,0.04824574,0.03591133,0.05666672,0.02950474,0.02024274,0.01636671,0.01204811
118.10803,0.13972611,0.07578033,0.05555561,0.04696108,0.06111125,0.03582732,0.02125491,0.02209502,0.01581314
118.39743,0.14520567,0.08618152,0.06140369,0.06906058,0.06222239,0.04636463,0.02024274,0.02291337,0.01807222
118.68682,0.14931514,0.09212496,0.06140369,0.06906058,0.06444450,0.04531103,0.01821856,0.02454995,0.02259028
118.97622,0.14383578,0.08766743,0.05409381,0.07872909,0.05777785,0.04214974,0.01012137,0.02045821,0.01882525
119.26561,0.15068524,0.09212496,0.05994188,0.07458535,0.06444450,0.04847216,0.01619437,0.02373160,0.02259028
119.555,0.15205493,0.08766743,0.05994188,0.07320411,0.06666676,0.04847216,0.01923072,0.02618652,0.02409634
119.84729,0.15616460,0.09361109,0.06432794,0.08287262,0.06777774,0.05163329,0.02125491,0.02700487,0.02861439
120.13668,0.16301406,0.09955453,0.07309962,0.08977863,0.07000000,0.05690211,0.02833993,0.03191484,0.03237942
120.42608,0.17123320,0.10698388,0.07602365,0.09530361,0.07333341,0.06427829,0.02732776,0.03518811,0.03388537
120.71547,0.17808246,0.11441324,0.08333353,0.09530361,0.07555551,0.07270824,0.03441278,0.03682480,0.03765040
121.00487,0.18630161,0.11887098,0.09356744,0.10220963,0.08000005,0.07586953,0.03947347,0.04418981,0.04367451
121.29426,0.19178117,0.12332851,0.10087732,0.09806610,0.08111102,0.08535324,0.04352213,0.04746308,0.04743965
121.58365,0.19863043,0.12927217,0.11111123,0.10359087,0.08666653,0.08640700,0.04858282,0.05155470,0.05496970
121.87305,0.21643861,0.15007453,0.12280716,0.11878435,0.09999982,0.09589056,0.05465567,0.05973805,0.06400592
122.16244,0.22054829,0.15601797,0.12573098,0.12845286,0.09666658,0.09589056,0.05971636,0.06382967,0.06927701
122.45184,0.22739754,0.16196142,0.13304107,0.14226509,0.09888869,0.09799793,0.06578921,0.06955799,0.07454809
122.74123,0.23287691,0.16790507,0.14035095,0.14502738,0.10444420,0.09694432,0.07287423,0.07937804,0.08207826
123.03062,0.23561649,0.17087690,0.14473700,0.16022066,0.10444420,0.10115922,0.07995925,0.08510635,0.08734934
123.32002,0.24931500,0.18127809,0.16081877,0.16712668,0.11333311,0.10642788,0.08906860,0.09738132,0.09789151
123.60941,0.25068490,0.19316497,0.16812865,0.18922618,0.11555538,0.10853540,0.08805643,0.10065459,0.10466865
123.89881,0.25616426,0.19910862,0.17543874,0.19336971,0.11444424,0.11380421,0.08906860,0.10474621,0.11219871
124.1882,0.26986297,0.21099551,0.18859647,0.19751344,0.12555543,0.12434153,0.10425095,0.11292957,0.11972877
124.47759,0.28493138,0.22585443,0.20760228,0.20027593,0.13777758,0.13382524,0.11842099,0.12274962,0.12876499
124.76699,0.29726020,0.23774153,0.22076023,0.20718215,0.14333309,0.13487885,0.12753020,0.13093286,0.13855413
125.05638,0.30547935,0.24665680,0.23245637,0.20580090,0.14999973,0.13593261,0.13461521,0.13993456,0.14984932
125.34578,0.30958902,0.25408637,0.24269028,0.21132588,0.15777751,0.14752370,0.14777309,0.14484452,0.15737949
125.63517,0.31095871,0.25854390,0.24415209,0.22651916,0.15777751,0.14436256,0.14979742,0.14893626,0.16039149
125.92456,0.30821893,0.25408637,0.23245637,0.21685065,0.14999973,0.14225504,0.14878540,0.15220953,0.16039149
126.21396,0.29589031,0.24219906,0.23245637,0.21823190,0.14222195,0.14014767,0.14979742,0.14975449,0.15737949
126.50335,0.29999998,0.24814272,0.23684221,0.20856339,0.14444422,0.14330880,0.15080973,0.15548280,0.16566268
126.79275,0.29999998,0.24665680,0.23538019,0.20303862,0.14666649,0.13909390,0.15182175,0.15711950,0.17168669
127.08214,0.29452042,0.23774153,0.22514628,0.17265186,0.13888871,0.13382509,0.14979742,0.15548280,0.17168669
127.37153,0.29178083,0.23625562,0.22807010,0.17817663,0.13777774,0.13909375,0.15283392,0.15466457,0.17018074
127.66093,0.29178083,0.23625562,0.23099414,0.18093912,0.13888871,0.14120127,0.15688259,0.15466457,0.17168669
127.95032,0.29589051,0.23625562,0.23099414,0.17127061,0.13999985,0.13803999,0.16093110,0.15793785,0.17545171
128.23972,0.29726020,0.23328379,0.22953191,0.16574584,0.14111098,0.13171756,0.16295544,0.16121112,0.17921685
128.52911,0.28630127,0.22288260,0.22514607,0.14640883,0.13444418,0.12328762,0.15789460,0.15875619,0.17695777
128.8185,0.27397245,0.20802368,0.21345035,0.15055256,0.12444413,0.11696519,0.14878540,0.15548280,0.17620474
129.1079,0.25068470,0.18573561,0.19736837,0.13674032,0.11222198,0.11169653,0.13866403,0.15057284,0.17394566
129.39729,0.23972597,0.17087669,0.18128660,0.12016580,0.10333306,0.09905154,0.13056684,0.14484452,0.16942771
129.68668,0.22602725,0.15750367,0.16812865,0.11602207,0.08888864,0.08640669,0.11639680,0.13911621,0.16716863
129.97608,0.22054789,0.14858840,0.16520483,0.11325958,0.08333297,0.09272927,0.11842099,0.13502447,0.16792166
130.26547,0.21369863,0.14413066,0.15935675,0.09944754,0.07777746,0.08746046,0.11032395,0.13420625,0.16792166
130.55487,0.21780811,0.15156023,0.15789495,0.09116028,0.07666649,0.08956783,0.11133612,0.13829786,0.17469869
130.84426,0.20958896,0.14561657,0.15350890,0.09116028,0.07333308,0.08956783,0.11133612,0.13584294,0.17319263
131.13365,0.20410959,0.14115905,0.15204688,0.09392257,0.06888871,0.09694401,0.11336045,0.13747964,0.17319263
131.42305,0.19999992,0.13818722,0.15350890,0.10221003,0.06777757,0.10326659,0.11639695,0.13829786,0.17545161
131.71534,0.19726014,0.13224356,0.14619902,0.08287302,0.06444417,0.09589040,0.11032395,0.14075291,0.18072269
132.00473,0.19041088,0.13075765,0.13888914,0.08563551,0.06555547,0.09167535,0.10829962,0.13993456,0.18524075
132.29412,0.18630121,0.12927173,0.13596511,0.07872949,0.06444433,0.09272911,0.10728745,0.14238948,0.18825286
132.58352,0.17671217,0.12481421,0.12573120,0.07044203,0.05999996,0.09272911,0.10728745,0.14320783,0.18975880
132.87291,0.17397259,0.12481421,0.12280716,0.08563551,0.05999996,0.09694417,0.11538464,0.14893614,0.19728897
133.16231,0.16986291,0.12332829,0.11549707,0.08425406,0.05777769,0.09694417,0.11538464,0.14975449,0.20180702
133.4517,0.17260270,0.12630012,0.11549707,0.08977904,0.05999996,0.09272927,0.12044532,0.15139118,0.20707811
133.74109,0.16164397,0.11887077,0.10672518,0.08977904,0.05555558,0.09272927,0.11842099,0.15220941,0.20406611
134.03049,0.15205493,0.10698367,0.09064341,0.07458556,0.04888894,0.09062174,0.11740897,0.14893614,0.20030108
134.31988,0.13287685,0.09063904,0.07017558,0.05662979,0.03666678,0.06638566,0.10222677,0.14893614,0.19954805
134.60928,0.12602739,0.08469560,0.06725154,0.05801103,0.03777792,0.06849319,0.10526327,0.15057284,0.20557216
134.89867,0.12191772,0.08172377,0.06140347,0.05524855,0.04000019,0.06638566,0.11133597,0.15875619,0.21611433
135.18806,0.12739728,0.08320947,0.06725154,0.05386750,0.04444456,0.07692314,0.12044532,0.17021282,0.22665650
135.47746,0.13287665,0.09063883,0.07017558,0.05801103,0.04888894,0.08113803,0.12854236,0.18166945,0.23719867
135.76685,0.14383558,0.09955431,0.08040949,0.06906078,0.05777785,0.08956798,0.14372457,0.19476277,0.24999981
136.05625,0.15205493,0.10401184,0.09649126,0.08701655,0.06555563,0.10326659,0.16396746,0.20703762,0.26204803
136.34564,0.15479471,0.10104001,0.10233912,0.07872929,0.06444450,0.11064277,0.17307681,0.22013094,0.26957809
136.63503,0.15205493,0.09955410,0.10526316,0.07872929,0.06333320,0.11801896,0.18117414,0.22667760,0.27635523
136.92443,0.14931534,0.09658248,0.10526316,0.08287302,0.06111109,0.12223401,0.18218631,0.23404261,0.28237945
137.21382,0.15068524,0.09658248,0.10672518,0.08011053,0.06222223,0.12750267,0.18319848,0.24468089,0.29216859
137.50322,0.16712353,0.11292711,0.12865502,0.09944754,0.07999989,0.14436241,0.20647772,0.26841249,0.31174698
137.79261,0.19041128,0.13521539,0.15204688,0.11325978,0.10111096,0.17281338,0.23178130,0.29459901,0.33509029
138.082,0.21643861,0.16047528,0.18128660,0.13950281,0.12333316,0.19915699,0.26012137,0.31996731,0.36069268
138.3714,0.23972637,0.18870701,0.21198833,0.16850833,0.14777746,0.22128554,0.28643711,0.34860887,0.38780113
138.66079,0.26712339,0.21545282,0.24269007,0.19337031,0.17333307,0.25605894,0.31781369,0.37315882,0.40662638
138.95018,0.29589071,0.24368476,0.27485382,0.22237583,0.19666640,0.28556368,0.34514160,0.39689042,0.42771072
139.23958,0.30821933,0.25408594,0.29239761,0.23895035,0.21111082,0.30453095,0.35425095,0.40998374,0.43825288
139.52897,0.31643867,0.26002938,0.29824569,0.25828736,0.21888860,0.30979976,0.36639680,0.42144037,0.45256019
139.81837,0.32191824,0.26002938,0.30263153,0.24861886,0.22555525,0.31717595,0.37246966,0.43207853,0.46159630
140.10776,0.32191824,0.26151529,0.30116972,0.26381214,0.22666622,0.31717595,0.37854266,0.43944354,0.46837344
140.39715,0.31917846,0.26300121,0.30263153,0.25690612,0.23111076,0.31717595,0.38259118,0.44680855,0.47439766
140.68655,0.32054815,0.26894465,0.30116972,0.25828716,0.23444400,0.32244461,0.39068836,0.45335521,0.48117469
140.97594,0.32465762,0.26448712,0.29532165,0.27209940,0.23666627,0.32139084,0.39372471,0.46481195,0.48945778
141.26534,0.33150688,0.27637422,0.30555556,0.28867392,0.24555518,0.33403569,0.41194342,0.47626858,0.50301206
141.55473,0.32876730,0.27340261,0.29970770,0.29696118,0.24666631,0.33614321,0.42004046,0.48036020,0.51054211
141.84412,0.31917826,0.26002960,0.28947379,0.29005517,0.24333307,0.33403584,0.41801627,0.47872362,0.51355411
142.13352,0.30547954,0.24517089,0.27485382,0.29143621,0.23777756,0.32876718,0.41194342,0.47790527,0.51280109
142.42291,0.29589051,0.23476970,0.26023407,0.28453019,0.23222205,0.32876718,0.40890692,0.47872362,0.51656622
142.71231,0.28493178,0.22585422,0.25000016,0.27071815,0.22666638,0.32139100,0.40384623,0.48036020,0.51506017
143.0017,0.26849348,0.21545303,0.23830402,0.27071815,0.22111071,0.31506858,0.39878555,0.47954197,0.51882531
143.29399,0.24931520,0.19613658,0.21637417,0.25828716,0.20555515,0.30136997,0.39170038,0.47463188,0.51280120
143.58338,0.23561669,0.18573540,0.20175421,0.24171264,0.19444413,0.29399378,0.38663970,0.47299519,0.51355422
143.87278,0.23013733,0.18127765,0.20029240,0.23342517,0.19222203,0.29504739,0.38562738,0.47463188,0.51430725
144.16217,0.23287691,0.18870722,0.21198812,0.24999990,0.19555543,0.30347734,0.39979742,0.48199689,0.52259034
144.45156,0.23972617,0.19465088,0.21929800,0.25138114,0.20777758,0.31717595,0.40688244,0.49427175,0.53463856
144.74096,0.25616466,0.21248142,0.22953212,0.27348064,0.22444427,0.33930450,0.42105248,0.51227503,0.55271089
145.03035,0.26712339,0.21991099,0.24122805,0.28314915,0.23888870,0.35616440,0.43117400,0.52782340,0.56777112
145.31975,0.27260296,0.22882605,0.25584781,0.28591143,0.25111085,0.37407805,0.44736822,0.54337164,0.58207842
145.60914,0.28219199,0.23476970,0.26461991,0.29005517,0.26444414,0.38672305,0.45748974,0.55564650,0.59111454
145.89853,0.29726060,0.25111433,0.28216370,0.29696118,0.28222196,0.40674408,0.47570830,0.56955805,0.60015076
146.18793,0.30137007,0.26151551,0.29385963,0.30524865,0.28999974,0.41938893,0.48987833,0.58019632,0.60993990
146.47732,0.31095911,0.27934627,0.30847960,0.31629840,0.30111076,0.43414129,0.50809704,0.59492622,0.62575315
146.76672,0.31369889,0.28826154,0.32163733,0.32458566,0.31222178,0.44046356,0.52125506,0.60801954,0.63780126
147.05611,0.32328793,0.29717681,0.32748519,0.34392267,0.32444410,0.45943098,0.53441293,0.62029464,0.65361452
147.3455,0.34246601,0.30757799,0.34210516,0.35220973,0.33999965,0.47734449,0.55971650,0.63911615,0.67319280
147.6349,0.34931546,0.31946509,0.35526310,0.36602197,0.35555521,0.48788196,0.57489886,0.65711944,0.69352421
147.92429,0.36301398,0.32838036,0.37134488,0.39226499,0.37222190,0.50474186,0.59716608,0.67757777,0.71159644
148.21368,0.37123312,0.33878154,0.38304102,0.41298325,0.38666632,0.52370912,0.61437262,0.69394448,0.73042180
148.50308,0.37397291,0.34026746,0.38011698,0.41850822,0.39888848,0.53530036,0.62246966,0.70785603,0.74096397
148.79247,0.38082236,0.35066864,0.39035089,0.42679549,0.41111079,0.55953644,0.63765201,0.71849443,0.75150614
149.08187,0.38356194,0.35215455,0.39327493,0.42955777,0.41777744,0.56902015,0.64777338,0.72667766,0.76054225
149.37126,0.38767162,0.36106961,0.40058481,0.44337001,0.42888862,0.58061138,0.66093140,0.73567937,0.77108442
149.66065,0.39452087,0.36998509,0.41374276,0.46132578,0.44333304,0.59430999,0.68218646,0.74713599,0.78388556
149.95005,0.39863055,0.37147079,0.42105263,0.46961324,0.45333309,0.60379370,0.69332000,0.76022931,0.79442773
150.23944,0.40958928,0.38187197,0.43567260,0.49033129,0.46555540,0.61538478,0.71052653,0.77414086,0.81475914
150.52884,0.42328799,0.39673090,0.44444449,0.49309378,0.47999982,0.63013715,0.72469657,0.78968923,0.82756029
150.81823,0.42465788,0.40118864,0.45029256,0.49861855,0.48222209,0.63751334,0.73178159,0.79623589,0.83057229
151.10762,0.43972629,0.41604736,0.46637455,0.52486178,0.49666652,0.66174942,0.74797596,0.81178413,0.84262051
151.39702,0.45068522,0.43090628,0.48976641,0.54419880,0.51444434,0.68703926,0.77226737,0.83060565,0.86219890
151.68641,0.45753447,0.44576521,0.50292436,0.55939228,0.53111103,0.70706029,0.78542539,0.84288062,0.87349399
151.97581,0.46986329,0.46359575,0.51608230,0.58149178,0.54999999,0.73235013,0.80465611,0.85842887,0.88629513
152.2652,0.48356200,0.48439812,0.53216429,0.59944754,0.56666652,0.75447868,0.82692319,0.87643215,0.90361443
152.55459,0.49178115,0.49925704,0.54386000,0.61187833,0.58333337,0.76290863,0.84615406,0.89198040,0.91189752
152.84399,0.50274008,0.51263006,0.56140401,0.63397783,0.59888893,0.78503719,0.86639695,0.90671029,0.93072277
153.13338,0.51643879,0.52748898,0.58333385,0.66298335,0.62333340,0.79873579,0.88663984,0.92389523,0.94502997
153.42278,0.51780869,0.53343264,0.59210574,0.67403330,0.63444458,0.81243440,0.90182205,0.93535186,0.95481922
153.71217,0.52465814,0.53789017,0.59941562,0.69613280,0.64555560,0.82297187,0.91194342,0.95090010,0.96837339
154.00156,0.53150740,0.54680565,0.60964953,0.71546981,0.66000018,0.83877785,0.92611346,0.96399343,0.97966858
154.29096,0.54931578,0.57057985,0.63157937,0.74309408,0.68111125,0.86406754,0.94939270,0.98036014,0.99774081
154.58035,0.54657600,0.57206555,0.63304118,0.75000010,0.68666676,0.87144372,0.95141703,0.98936172,0.99774081
154.86975,0.54657600,0.56909372,0.64035105,0.76104985,0.69111130,0.88303496,0.95850205,0.99345334,0.99548183
155.15914,0.54657600,0.56315006,0.64181329,0.75966881,0.70111135,0.89146475,0.96356274,0.99918165,0.99774092
155.45143,0.53972675,0.55423479,0.63742723,0.75690632,0.70555572,0.89041114,0.96761126,0.99836330,1.00000000
155.74082,0.53698696,0.54680544,0.63157937,0.74861886,0.70555572,0.89251867,0.96558692,1.00000000,0.99397589
156.03022,0.52876782,0.54234769,0.62426928,0.74309388,0.70111135,0.88725001,0.96052624,0.99836330,0.98945783
156.31961,0.50958954,0.52451715,0.60233944,0.73066289,0.69111130,0.87039012,0.94635620,0.98936172,0.97966880
156.609,0.49863081,0.51263006,0.59795339,0.72928185,0.69000016,0.86933620,0.94534403,0.98281506,0.97213863
156.8984,0.49041146,0.50222887,0.58918149,0.71823210,0.69000016,0.87776615,0.93825901,0.98117848,0.97213863
157.18779,0.48493210,0.49777113,0.58771948,0.72651936,0.69111130,0.87460486,0.93724685,0.97708687,0.96686755
157.47718,0.47397317,0.49182747,0.57894758,0.72099438,0.68444449,0.86722867,0.93522266,0.97463182,0.96536150
157.76658,0.46986349,0.48885564,0.57894758,0.72375687,0.68888903,0.86512130,0.93724700,0.97708687,0.96762058
158.05597,0.45890456,0.48142629,0.57602355,0.71408836,0.69111114,0.85985249,0.94230783,0.97545029,0.96686755
158.34537,0.45068522,0.47548285,0.56871367,0.70441986,0.68888887,0.85774512,0.93927133,0.97135855,0.96310241
158.63476,0.43835639,0.46211005,0.55701774,0.68784513,0.68222222,0.84826156,0.93117414,0.96644859,0.95783133
158.92415,0.43287683,0.45468070,0.54970765,0.69060762,0.68444449,0.85247646,0.93016212,0.96644859,0.95858436
159.21355,0.42465768,0.45319478,0.54093576,0.69613240,0.68666676,0.85563775,0.92813779,0.96890351,0.96536139
159.50294,0.42054801,0.45468070,0.53654970,0.70165737,0.69111114,0.85563775,0.93421064,0.97217690,0.97289155
159.79234,0.41506864,0.45022317,0.53654970,0.70165737,0.69000000,0.85879888,0.93319848,0.97463182,0.97364458
160.08173,0.40821919,0.44576543,0.53362567,0.69613240,0.69222227,0.85142269,0.93218646,0.96890351,0.97289144
160.37112,0.40273982,0.43090650,0.53362567,0.70303862,0.69666681,0.85036893,0.93522281,0.96726682,0.97138539
160.66052,0.40410971,0.42942080,0.54093576,0.70303862,0.70222232,0.86090640,0.94129581,0.97217690,0.97740950
160.94991,0.40000024,0.42644897,0.54385958,0.69475135,0.70444459,0.85985264,0.94838083,0.97463182,0.97816253
161.23931,0.39863015,0.42347714,0.54678361,0.70303862,0.70888912,0.85669135,0.95445368,0.97708675,0.97891555
161.5287,0.38904111,0.42199145,0.54093554,0.69337011,0.70777799,0.85353022,0.95546585,0.97708675,0.97816253
161.81809,0.37534260,0.40861843,0.53070163,0.69475135,0.70222248,0.85036893,0.94939285,0.97299513,0.97364458
162.10749,0.36575356,0.39970316,0.51900591,0.69751384,0.69222259,0.84720764,0.93927148,0.96890351,0.96686744
162.39688,0.36575356,0.40416091,0.52777781,0.70718235,0.69222259,0.85985264,0.93724714,0.96890351,0.96686744
162.68628,0.36438347,0.40416091,0.52777781,0.70856359,0.69333357,0.86196001,0.93724714,0.96972174,0.96762047
162.97567,0.35205485,0.39227359,0.52046772,0.70580130,0.69000033,0.85879888,0.93522281,0.96481177,0.96385544
163.26506,0.33835613,0.38484424,0.51754390,0.69475156,0.68555579,0.85353022,0.93117414,0.96072016,0.96234938
163.55446,0.33561635,0.38187241,0.52192995,0.69751384,0.68888919,0.85142269,0.93319848,0.95990181,0.96084344
163.84385,0.33424666,0.38038628,0.52631579,0.70027633,0.69333357,0.85247661,0.92914996,0.95908358,0.95858436
164.13325,0.32328773,0.37741467,0.51900591,0.69613260,0.69555584,0.84720780,0.92813779,0.95744688,0.95707841
164.42264,0.31643847,0.37295692,0.51462007,0.71270712,0.69888908,0.84931517,0.93117414,0.95826511,0.95783144
164.71203,0.31369869,0.38335811,0.51169604,0.70994463,0.69888908,0.85036909,0.93117414,0.96153850,0.96234949
165.00143,0.30410965,0.37295692,0.50731020,0.70165737,0.69666681,0.84299290,0.93016212,0.95744688,0.95632549
165.29082,0.28630147,0.35364047,0.48684237,0.69889488,0.68444449,0.83034806,0.91396775,0.94517191,0.94653624
165.58022,0.26849328,0.34323928,0.47368442,0.68922638,0.67222234,0.81981058,0.90587042,0.93617033,0.94051224
165.86961,0.25479457,0.33135219,0.46198849,0.66988937,0.66888894,0.81243440,0.89878540,0.93207859,0.93674710
166.159,0.24246595,0.32392261,0.45175458,0.65331484,0.66333343,0.80611198,0.89574905,0.92716862,0.93373510
166.4484,0.23698638,0.32243670,0.45175458,0.63950281,0.66999991,0.81243440,0.90080973,0.92553193,0.93373510
166.73779,0.23698638,0.32095079,0.44883076,0.63950281,0.67555558,0.80716559,0.90688259,0.92798697,0.93448802
167.03008,0.23150702,0.31797896,0.44736874,0.63259659,0.68222222,0.81032687,0.91093125,0.92962367,0.93599408
167.31947,0.22876724,0.32540853,0.45467883,0.63950261,0.68888903,0.82191796,0.91801627,0.93289694,0.93825305
167.60887,0.23424680,0.32986606,0.46198871,0.65469589,0.69888908,0.82824053,0.92611346,0.93862525,0.94277121
167.89826,0.22602745,0.32986606,0.45906467,0.64917111,0.70000005,0.82929414,0.92914996,0.93944360,0.94578322
168.18765,0.21232894,0.31946487,0.45321681,0.64502738,0.69555567,0.82718662,0.92914996,0.93862525,0.94578322
168.47705,0.21643841,0.32392261,0.45614085,0.64502738,0.69555567,0.82929414,0.93218646,0.94271699,0.94728916
168.76644,0.21643841,0.32986606,0.46491274,0.66298335,0.69888908,0.83667033,0.93319848,0.94680861,0.95105419
169.05584,0.20684938,0.31500735,0.46198871,0.65607733,0.69111130,0.82824038,0.92307710,0.94026195,0.94653613
169.34523,0.20273990,0.31500735,0.46345051,0.66022086,0.68888903,0.83667033,0.92206479,0.93862525,0.94804208
169.63462,0.20000012,0.32095079,0.46783657,0.67127061,0.69333357,0.84510027,0.91902844,0.94189864,0.95180711
169.92402,0.19589065,0.31946487,0.46637455,0.66712688,0.69111130,0.84826156,0.91700410,0.93944360,0.94653602
170.21341,0.19315086,0.31500713,0.47076060,0.67817683,0.69111130,0.85563775,0.91497992,0.93535198,0.94277099
170.50281,0.19315086,0.31203552,0.47368464,0.67541434,0.68777806,0.85458398,0.90991923,0.93535198,0.94051202
170.7922,0.18082204,0.30312003,0.46491274,0.68646389,0.67444477,0.83772409,0.89878570,0.92962367,0.93524094
171.08159,0.15205493,0.28083196,0.43859685,0.66436439,0.65444484,0.82297172,0.87955497,0.91243873,0.92018071
171.37099,0.12191812,0.25408594,0.41228095,0.64917111,0.62555599,0.79662827,0.85020258,0.89198052,0.89984941
171.66038,0.09863037,0.22585422,0.38596505,0.63121535,0.59666699,0.76817714,0.82388684,0.87315888,0.88253010
171.94978,0.07671251,0.20059411,0.36257319,0.60359087,0.56888928,0.73972616,0.80465597,0.85597394,0.86671685
172.23917,0.06164411,0.17979174,0.34649121,0.58977884,0.54888934,0.72075889,0.78643741,0.84369909,0.85391571
172.52856,0.05890432,0.17682013,0.34210537,0.58287282,0.54333367,0.71654384,0.77732806,0.83878900,0.85240965
172.81796,0.04657550,0.16641894,0.33333326,0.57872929,0.53666703,0.71654384,0.76821870,0.83060577,0.84638554
173.10735,0.03013721,0.14710227,0.31871351,0.53591153,0.52111147,0.69757658,0.75607300,0.82160406,0.83584337
173.39675,0.02602753,0.14710227,0.31578947,0.53591153,0.52111147,0.69652281,0.75708502,0.82242253,0.83509034
173.68614,0.02739742,0.15304593,0.31725149,0.54834253,0.52555585,0.70073786,0.76619437,0.82651415,0.83885548
186.33103,0.03287679,0.15453184,0.31725149,0.52900552,0.52555585,0.70073786,0.77226737,0.82569580,0.83960851
186.62043,0.03835615,0.15601776,0.32456137,0.52624303,0.53111152,0.70284539,0.77429156,0.82896907,0.84487959
186.90982,0.03698646,0.15750389,0.32456137,0.53729278,0.53111152,0.70073786,0.77935224,0.83469739,0.84939765
187.19922,0.04246583,0.16344733,0.32894742,0.55662979,0.53666703,0.70916766,0.78238874,0.83878900,0.85768073
187.48861,0.05479445,0.17384851,0.34210516,0.55248606,0.54777805,0.71865137,0.79251011,0.84779071,0.86671685
187.778,0.07397253,0.19465088,0.35818714,0.57734784,0.56222247,0.73340374,0.80769232,0.86088391,0.87801204
188.0674,0.08630135,0.20208024,0.36842105,0.58977884,0.57222235,0.73867240,0.81680167,0.87152219,0.88855421
188.35679,0.09041102,0.20802368,0.37280711,0.58563531,0.58000013,0.74288745,0.82085019,0.87806885,0.89608438
188.64619,0.09178091,0.21099551,0.37280711,0.58425426,0.58000013,0.74921002,0.82186250,0.88134212,0.90135546
188.93558,0.08630135,0.21099551,0.37280711,0.58287302,0.57444462,0.74499497,0.82085019,0.88297881,0.90361443
189.22497,0.07808220,0.20356615,0.36257319,0.57872929,0.56111134,0.74078008,0.81680167,0.87479546,0.89533135
189.51437,0.07260284,0.19613658,0.35964916,0.57320431,0.54888902,0.72497394,0.81376517,0.86988549,0.89006027
189.80376,0.07945209,0.19465066,0.35818714,0.57458576,0.54555578,0.72602755,0.80971665,0.86497553,0.88478918
190.09316,0.07945209,0.19019314,0.35526310,0.56906078,0.53888897,0.72602755,0.80769247,0.85597382,0.88027113
190.38255,0.08630155,0.18722131,0.35526310,0.57044203,0.53444460,0.71970513,0.79757095,0.85106386,0.87575296
190.67194,0.09178091,0.19019292,0.36403500,0.58287282,0.53555573,0.71654384,0.79352243,0.85351878,0.87499993
190.96134,0.10136995,0.19316453,0.36695903,0.58701655,0.53222233,0.71970498,0.79251026,0.85188209,0.87349399
191.25073,0.11095899,0.19613636,0.36842105,0.57734804,0.53222233,0.71654384,0.79251026,0.85188209,0.87500004
191.54012,0.11232888,0.19465045,0.36695903,0.56906078,0.53000006,0.71232895,0.79251026,0.85024539,0.87424701
191.82952,0.12054803,0.20356572,0.37280711,0.57734825,0.53222217,0.71232895,0.79554676,0.85024539,0.87123501
192.11891,0.12465770,0.20059389,0.37573093,0.57182327,0.52666666,0.70284539,0.79149810,0.84697212,0.87048198
192.40831,0.13835621,0.22139626,0.39035089,0.57734825,0.52777795,0.71127534,0.79858311,0.85351878,0.87725901
192.6977,0.14657536,0.23328357,0.39912279,0.58701675,0.53000022,0.71443647,0.80364395,0.85761040,0.88328313
192.98709,0.15753449,0.24665637,0.41374276,0.59392277,0.54000011,0.72181266,0.81275315,0.86415706,0.88930724
193.27649,0.16849322,0.25705755,0.42105263,0.59944754,0.54555578,0.72181266,0.81983817,0.86579375,0.89081318
193.56588,0.17808226,0.26151529,0.43128654,0.60082879,0.54666675,0.71654384,0.82186250,0.87234042,0.89307227
193.85528,0.18904119,0.27340239,0.43859663,0.59806630,0.55000015,0.72075889,0.82186250,0.87479534,0.90135535
194.14467,0.20958916,0.29569067,0.45906446,0.62154684,0.56555571,0.73235013,0.83502052,0.88543362,0.91265055
194.43406,0.22465756,0.31054939,0.46052648,0.62845286,0.57444462,0.73551142,0.84210554,0.90016363,0.92093363
194.72346,0.22328767,0.31203552,0.45906446,0.61187833,0.57222235,0.72602771,0.84109338,0.90180033,0.92168666
195.01285,0.21917800,0.30757777,0.45029256,0.61049729,0.56333328,0.71549023,0.83603269,0.89689036,0.91942758
195.30225,0.21506832,0.30609186,0.44444449,0.61325978,0.55555550,0.70284539,0.83400836,0.89689036,0.91942758
195.59453,0.21369863,0.30312025,0.44152067,0.61325978,0.54666659,0.69336168,0.82388684,0.89361697,0.91641558
195.88393,0.21095885,0.30014842,0.43713462,0.60497232,0.53333330,0.68493189,0.81376547,0.88543374,0.90963844
196.17332,0.19589045,0.28380379,0.42397667,0.58149178,0.51444434,0.67439441,0.80161961,0.87479546,0.90512038
196.46272,0.18082204,0.27191670,0.41666679,0.55801103,0.49777781,0.66491070,0.78744958,0.86988549,0.89909627
196.75211,0.17808226,0.26448734,0.40643288,0.54834253,0.49555554,0.65648076,0.78441308,0.86743045,0.89759021
197.0415,0.18493152,0.26300143,0.40935691,0.54834253,0.49777765,0.65858828,0.78947376,0.87070372,0.89909627
197.3309,0.18904099,0.26448734,0.40643288,0.54972377,0.49555554,0.66069565,0.78744958,0.87234042,0.90210838
197.62029,0.20410959,0.27786035,0.41374276,0.54696149,0.50222219,0.67123313,0.78947391,0.88297881,0.91490952
197.90969,0.21506852,0.28974745,0.42105263,0.55524875,0.51333337,0.67966307,0.80263178,0.89198040,0.92319271
198.19908,0.21917820,0.28974745,0.42397667,0.57320472,0.51444434,0.68598549,0.80263178,0.89525367,0.92243969
198.48847,0.19726034,0.27488852,0.40643288,0.55386770,0.49111101,0.66912560,0.78744958,0.88707043,0.91566266
198.77787,0.18219173,0.25854390,0.40350906,0.54143671,0.47111107,0.65753436,0.76923102,0.87479534,0.90512049
199.06726,0.17945215,0.25705777,0.39766120,0.53729318,0.45888892,0.65226570,0.76113383,0.86988537,0.90210838
199.35666,0.17397279,0.25111433,0.39473716,0.52900572,0.44888887,0.65015833,0.75101231,0.86415706,0.89759043
199.64605,0.16027407,0.23922723,0.38157921,0.51243119,0.43777785,0.64172839,0.73380592,0.85515548,0.88855421
199.93544,0.14794525,0.22734013,0.37280711,0.49447523,0.42555554,0.63329859,0.72166022,0.84451708,0.87801204
200.22484,0.14383558,0.21842486,0.36842127,0.48480672,0.42333327,0.62697602,0.71761170,0.84042546,0.87424701
200.51423,0.14246589,0.21842486,0.35672534,0.47790070,0.41666679,0.60800875,0.70546600,0.83715207,0.87048188
200.80362,0.14794525,0.21545303,0.35233928,0.47790070,0.41111112,0.60063257,0.70445383,0.82815049,0.86295182
201.09302,0.14520547,0.20950959,0.35672534,0.48618796,0.39999994,0.59747128,0.69838083,0.82078548,0.85843365
201.38241,0.14246589,0.21099551,0.35672534,0.48342548,0.39111118,0.59325638,0.69028379,0.81669374,0.85165651
201.67181,0.13150696,0.20505185,0.35233928,0.47375697,0.37666660,0.57534272,0.67206509,0.80605546,0.84111434
201.9612,0.12054803,0.19167884,0.33918155,0.47237573,0.36222218,0.56269788,0.65789505,0.79050710,0.82304212
202.25059,0.11643835,0.18722131,0.33625772,0.46270722,0.35000002,0.55110664,0.64676136,0.77823224,0.81325287
202.53999,0.11917814,0.19167884,0.33479549,0.45027623,0.33777771,0.53846180,0.64574934,0.77168558,0.80647573
202.82938,0.12876718,0.20208002,0.33771953,0.45165747,0.33333317,0.52897809,0.64473703,0.77004901,0.80346373
203.11878,0.14109600,0.21693895,0.34502941,0.45441976,0.33888884,0.53319314,0.64574920,0.77168570,0.80421676
203.40817,0.14109600,0.21693895,0.35087726,0.46270722,0.33444447,0.53108561,0.64170053,0.76923066,0.80045173
203.69756,0.15068504,0.22734013,0.35672534,0.45441976,0.33555544,0.52687056,0.63967620,0.77086735,0.80195778
203.98696,0.16027407,0.23476949,0.36549723,0.45580100,0.33333317,0.52792417,0.64372471,0.77004901,0.80195778
204.27635,0.17808226,0.25111433,0.37573114,0.45165727,0.33555544,0.52792417,0.64878540,0.77577732,0.80798179
204.56575,0.18493152,0.26002960,0.38450325,0.44889478,0.32888896,0.52581665,0.64676107,0.78068740,0.80722876
204.85514,0.19041108,0.25854368,0.38742707,0.46132578,0.32777766,0.53213907,0.64372471,0.77659579,0.80120465
205.14453,0.19315086,0.26151529,0.38888909,0.46132578,0.32333329,0.52792417,0.63663970,0.77495909,0.80045173
205.43393,0.19863023,0.26300121,0.38888909,0.44337001,0.31555551,0.51738670,0.62449399,0.76841255,0.79066248
205.72332,0.20821927,0.27043056,0.39181291,0.44751374,0.30999984,0.51001051,0.61740897,0.76186589,0.78765048
206.01272,0.22739734,0.27786014,0.39327493,0.44337001,0.31555535,0.51317180,0.61943330,0.75941085,0.78237939
206.30211,0.23150702,0.27934583,0.39181270,0.43646399,0.30555530,0.50263433,0.60728745,0.75040926,0.77786134
206.5915,0.22876724,0.27637400,0.38304081,0.42127071,0.29444428,0.49736552,0.58805673,0.74058933,0.77183734
206.8809,0.22191798,0.26151529,0.36842084,0.39917121,0.28555537,0.48261315,0.56983802,0.72995105,0.76129517
207.17319,0.20958916,0.24814250,0.35233907,0.38397773,0.27111094,0.47312959,0.55465582,0.71767608,0.74924694
207.46258,0.20273990,0.23774131,0.34064314,0.36740321,0.25333312,0.45416232,0.54453445,0.70621945,0.73719872
207.75197,0.20684938,0.23922723,0.33333326,0.35220973,0.24555534,0.44151748,0.53238874,0.69885456,0.72966855
208.04137,0.20000012,0.23179787,0.33040923,0.34115998,0.23555546,0.42992624,0.52024304,0.68903451,0.71611439
208.33076,0.20137021,0.22882626,0.32894721,0.33839769,0.22999995,0.42149645,0.51417004,0.68330620,0.70933725
208.62016,0.19315086,0.22436852,0.31871330,0.32872919,0.21777779,0.40990522,0.49797567,0.66939453,0.69804216
208.90955,0.19315086,0.22288282,0.30847938,0.32596670,0.21222212,0.39093779,0.48178130,0.65466463,0.69051199
209.19894,0.19452075,0.22585465,0.30994140,0.31215466,0.19999997,0.37829295,0.47165992,0.64402636,0.68448788
209.48834,0.19726034,0.22585465,0.30847938,0.30386720,0.19888883,0.36986316,0.46558707,0.63584300,0.67771085
209.77773,0.19178097,0.22436874,0.29385942,0.29696118,0.18999992,0.35721831,0.45242920,0.62684142,0.66867474
210.06712,0.19041108,0.22139691,0.28947358,0.27348044,0.18222214,0.34878821,0.44230768,0.62029476,0.66039166
210.35652,0.19178077,0.22882626,0.29532165,0.27900521,0.17888890,0.34878821,0.43927118,0.61783983,0.66265063
210.64591,0.20684938,0.23922745,0.31140363,0.28314895,0.19222219,0.35300326,0.44838053,0.62520484,0.66641566
210.93531,0.21917800,0.24665680,0.32456137,0.29557994,0.19666673,0.35089574,0.45040487,0.62602319,0.66641566
211.2247,0.22739714,0.25705798,0.33625730,0.31629819,0.19888883,0.35827192,0.45040487,0.62684142,0.66792171
211.51409,0.25479457,0.28083218,0.36257319,0.32734814,0.21333326,0.36986300,0.45951422,0.63420642,0.67771096
211.80349,0.26849308,0.29569111,0.37426891,0.34116018,0.22333330,0.37829295,0.46457490,0.63584300,0.68448810
212.09288,0.28082190,0.30460616,0.38888888,0.34806640,0.23111108,0.38461537,0.46862357,0.63666135,0.68599405
212.38228,0.29999998,0.31946509,0.39766077,0.36878465,0.23555546,0.39199156,0.47975711,0.63993462,0.69352421
212.67167,0.31232860,0.33729563,0.41228074,0.37707192,0.24444437,0.39831398,0.47975711,0.64566293,0.69578319
212.96106,0.32876710,0.35364025,0.43567260,0.39364664,0.25555539,0.40463640,0.48684228,0.65384629,0.70256022
213.25046,0.35342454,0.37741445,0.46345051,0.42541444,0.27444419,0.42887248,0.50809733,0.66530291,0.70707827
213.53985,0.37945207,0.40416026,0.48830418,0.45442016,0.29222201,0.44994727,0.52226737,0.67757777,0.71611439
213.82925,0.40136993,0.43239220,0.50584797,0.47375717,0.30666643,0.46786093,0.53137658,0.68412443,0.72364444
214.11864,0.42328779,0.45468026,0.52631579,0.49723792,0.32111086,0.48050578,0.54858311,0.68903439,0.72891553
214.40803,0.43424672,0.46359575,0.53654970,0.51381244,0.32888863,0.48366706,0.55161947,0.68739770,0.72665655
214.69743,0.43287683,0.45913800,0.53508768,0.50690622,0.32222199,0.47207583,0.54048593,0.67594107,0.71234936
214.98682,0.42602757,0.45616639,0.52485377,0.49723771,0.30999967,0.46680717,0.53947376,0.66775784,0.70406616
215.27622,0.43150714,0.46805349,0.52631579,0.49861896,0.31555535,0.46575356,0.54149810,0.66612114,0.70180719
215.56561,0.44931552,0.48588403,0.54093576,0.50138124,0.32999977,0.47102222,0.54757110,0.66775784,0.70331314
215.855,0.45890456,0.49777113,0.54970765,0.51104975,0.33888868,0.47629088,0.55263178,0.66939453,0.70632514
216.1444,0.47260308,0.50965801,0.56286560,0.52762427,0.34333322,0.47207583,0.55263178,0.66939453,0.70406616
216.43379,0.47534286,0.51857350,0.56871367,0.53453029,0.34444419,0.46891469,0.55364380,0.66775784,0.70331314
216.72319,0.48356220,0.52748877,0.58187140,0.53867402,0.35333310,0.46786093,0.55769247,0.66612126,0.70105405
217.01258,0.49315124,0.53491834,0.58918149,0.55110481,0.36222202,0.46469964,0.55870449,0.66039295,0.69804205
217.30197,0.50958954,0.54829135,0.59356733,0.56491705,0.37222206,0.47418335,0.56477734,0.65875625,0.69352399
217.59137,0.50137039,0.54234769,0.58187119,0.53729278,0.36555526,0.45732346,0.54959513,0.64566293,0.68599394
217.88076,0.48356220,0.52748898,0.56286560,0.51519328,0.35111083,0.43203377,0.53137658,0.62847799,0.67319269
218.17016,0.47123338,0.51411597,0.55116967,0.50690602,0.33333317,0.41412011,0.51417004,0.61620302,0.66114457
218.45955,0.45890456,0.49777113,0.53801193,0.48342528,0.32111086,0.39409908,0.49291498,0.60147312,0.64683727
218.74894,0.45068522,0.49182769,0.52924004,0.47375677,0.31333308,0.38145424,0.48178144,0.58919815,0.63554207
219.04123,0.44794563,0.49182769,0.52193016,0.46270722,0.30777757,0.36986316,0.47773292,0.58183314,0.62725899
219.33062,0.44383596,0.48291242,0.51754411,0.45856349,0.30444433,0.35721816,0.45850205,0.56628489,0.61295168
219.62002,0.43013745,0.46359575,0.50146212,0.44889498,0.28888877,0.34141203,0.43724700,0.54746326,0.59262048
219.90941,0.41780863,0.44873704,0.48976619,0.42955797,0.27444419,0.32244476,0.42611346,0.53273336,0.57530118
220.19881,0.40000024,0.42942037,0.46345051,0.40883972,0.25444425,0.29504755,0.39574905,0.51145669,0.55572290
220.4882,0.37808238,0.40713230,0.44444449,0.37845296,0.23888870,0.28029518,0.37753034,0.49099848,0.53463856
220.77759,0.37534260,0.39821682,0.43421058,0.37154694,0.22888865,0.26975770,0.35931164,0.47790515,0.52108428
221.06699,0.36849334,0.39375929,0.42397667,0.36187844,0.22444427,0.26554281,0.34514160,0.46481183,0.50828314
221.35638,0.36164409,0.38632972,0.41081872,0.34254142,0.20333321,0.25816662,0.33299590,0.45008194,0.49774097
221.64578,0.34109612,0.36106961,0.39327493,0.31767944,0.18111085,0.23287678,0.31477734,0.42880538,0.48042166
221.93517,0.33150708,0.35215434,0.38157921,0.31906068,0.16666659,0.23076925,0.30769232,0.41816698,0.47063252
222.22456,0.33561675,0.35512617,0.38742707,0.31491695,0.17111096,0.23393054,0.30870449,0.41489371,0.46460841
222.51396,0.33698644,0.35512617,0.39035111,0.31215446,0.17222210,0.22760812,0.30263163,0.41162044,0.45707836
222.80335,0.34246601,0.36255552,0.40204704,0.32044172,0.17888874,0.23814544,0.30263163,0.40916540,0.45557230
223.09275,0.35342474,0.36701326,0.40789490,0.33563520,0.18222214,0.24025296,0.30769232,0.41243867,0.45557230
223.38214,0.36301378,0.37295692,0.42251486,0.35635346,0.19222219,0.24762915,0.31275300,0.41571206,0.45933733
223.67153,0.37260282,0.39078746,0.44005865,0.38259649,0.20333321,0.25079028,0.31882586,0.42062202,0.46234944
223.96093,0.39315078,0.41456166,0.46345051,0.39502728,0.21999974,0.26765018,0.32995954,0.42880538,0.47063263
224.25032,0.40273982,0.42942058,0.47807026,0.42403280,0.22888881,0.27924126,0.33299590,0.42962361,0.47364464
224.53972,0.41232886,0.43833585,0.49122821,0.44198877,0.23888870,0.29083234,0.34311741,0.43044207,0.47063263
224.82911,0.42602757,0.45616639,0.50146212,0.45165727,0.24888858,0.29820853,0.34716593,0.43453369,0.47364464
225.1185,0.43561661,0.46508188,0.51315784,0.45994453,0.25888863,0.30242358,0.35627529,0.43535204,0.47213858
225.4079,0.43835639,0.46656758,0.51023402,0.46823179,0.25444425,0.30242358,0.35627529,0.43289700,0.47138555
225.69729,0.43835639,0.46656758,0.51315805,0.46823179,0.25999976,0.30136981,0.35222677,0.43126030,0.46536155
225.98669,0.45068522,0.47845468,0.52485398,0.48066279,0.26777754,0.31401466,0.35323893,0.43207865,0.46686761
226.27608,0.45890416,0.48142650,0.53070184,0.48480652,0.27111078,0.30347734,0.35020243,0.42880538,0.46159652
226.56547,0.46027405,0.47548306,0.52923983,0.49723751,0.26777738,0.29820853,0.34412958,0.42389529,0.45331333
226.85487,0.46438373,0.47399715,0.53362567,0.49585627,0.26999965,0.30769224,0.34514175,0.41734863,0.45030133
227.14426,0.45205491,0.45765252,0.51900591,0.47790050,0.25999960,0.29926229,0.33603240,0.40834693,0.43975916
227.43366,0.43287683,0.44130768,0.49853809,0.45165727,0.24999972,0.28556368,0.32085019,0.39525361,0.42771094
227.72305,0.43013705,0.43536403,0.48538014,0.44198877,0.24333307,0.28029502,0.31376517,0.38543368,0.41716877
228.01244,0.41780823,0.41753349,0.46929816,0.42127071,0.23222205,0.27818750,0.30060730,0.37152201,0.40286146
228.30184,0.40136993,0.39821682,0.45175437,0.40193370,0.21555536,0.26132776,0.28744943,0.35597376,0.38780124
228.59123,0.39863035,0.38930155,0.44298247,0.38674022,0.20999969,0.25289781,0.27631574,0.34942710,0.37876501
228.88062,0.38904131,0.37741445,0.43567260,0.37154694,0.20333305,0.24130673,0.27226722,0.33878882,0.36596387
229.17002,0.38219205,0.36701326,0.42982474,0.37983420,0.19999964,0.23287678,0.26518220,0.32896877,0.35617462
229.45941,0.37123312,0.35809778,0.42251486,0.36740321,0.19333300,0.22866188,0.25910935,0.31669380,0.34638559
229.74881,0.35616452,0.34918251,0.41959083,0.34254122,0.18888862,0.21812441,0.25000000,0.30687387,0.33358434
230.0382,0.35068516,0.34323907,0.41520477,0.35773470,0.18888862,0.21285575,0.24291498,0.29787228,0.32605418
230.32759,0.33150688,0.32540831,0.39327493,0.34806620,0.17999971,0.19704977,0.22672061,0.28559731,0.30722881
230.61699,0.31643847,0.31649304,0.38304102,0.32458546,0.17222193,0.19072720,0.21862357,0.27659573,0.29668665
230.90638,0.30684944,0.30460573,0.37426912,0.30801073,0.16555529,0.18651230,0.20850205,0.26350252,0.28765042
231.19867,0.29315072,0.30014820,0.35672534,0.29557974,0.16222205,0.17702874,0.19939270,0.25531917,0.27560220
231.48806,0.30273976,0.30906347,0.36111139,0.31491675,0.16666659,0.18124364,0.19736851,0.25368259,0.27560220
231.77746,0.31917826,0.32392240,0.38304102,0.33701625,0.17555534,0.19178111,0.20141703,0.25040920,0.27560220
232.06685,0.31232900,0.32392240,0.38304102,0.33977874,0.17777760,0.19388864,0.19230783,0.24468089,0.26957809
232.35625,0.32328793,0.33432358,0.39619897,0.35082848,0.18555538,0.20021091,0.19838068,0.24713593,0.26957809
232.64564,0.33698664,0.34621046,0.40643288,0.35497222,0.19444430,0.20758709,0.20242920,0.24877263,0.27033112
232.93503,0.33561675,0.34918229,0.40058502,0.35497222,0.19555543,0.20864085,0.20141703,0.23977104,0.26656609
233.22443,0.33150708,0.34323885,0.39181313,0.33977874,0.19222219,0.20442596,0.18825916,0.23322426,0.26204803
233.51382,0.32602771,0.34026724,0.37426912,0.33563520,0.18444441,0.19599586,0.18016198,0.22749595,0.25828300
233.80322,0.31917826,0.33283788,0.36257319,0.32734794,0.17777777,0.18967343,0.17408912,0.22422268,0.25225889
234.09261,0.32191804,0.32838014,0.35380109,0.33563520,0.17444436,0.18335101,0.16194342,0.22094941,0.24849386
234.382,0.32739740,0.33580950,0.35526310,0.30939218,0.17222226,0.18440462,0.16599194,0.21849437,0.24472883
234.6714,0.33972623,0.35066842,0.36988307,0.31767944,0.18000004,0.18756591,0.17510114,0.22094941,0.24924689
234.96079,0.36438387,0.37147079,0.39327493,0.34668495,0.19888900,0.20126452,0.18724685,0.23158769,0.25677706
235.25019,0.37671269,0.39227316,0.41228074,0.36049719,0.21222228,0.21496328,0.20242905,0.24222597,0.26280117
235.53958,0.39863055,0.40861800,0.43567260,0.37845296,0.22666671,0.22233946,0.21457490,0.25040932,0.27259031
235.82897,0.40547980,0.41604736,0.45029256,0.39502768,0.23444448,0.23498431,0.22672061,0.25777421,0.27484928
236.11837,0.40958928,0.42496241,0.45175437,0.39088395,0.23999999,0.24130657,0.22874480,0.26268430,0.27560231
236.40776,0.41232906,0.42644854,0.46198828,0.39502768,0.24333340,0.24025296,0.23178115,0.26677591,0.27409625
236.69716,0.41643853,0.43090607,0.45906424,0.39226520,0.24444437,0.23919920,0.22975681,0.26595757,0.27560231
236.98655,0.41232906,0.42942037,0.45321639,0.40469619,0.24444437,0.23603791,0.22773263,0.26759414,0.27484928
237.27594,0.40684950,0.42199080,0.45467840,0.40331515,0.24444437,0.23393054,0.22368396,0.27004907,0.27334323
237.56534,0.40958928,0.42793424,0.46198849,0.42817693,0.24555550,0.23498431,0.22672046,0.27495915,0.27334323
237.85473,0.43424692,0.44873660,0.50000032,0.44198897,0.26666673,0.25500533,0.25202404,0.28641578,0.28087328
238.14412,0.46164415,0.47696854,0.52631600,0.46270722,0.28777780,0.27081147,0.27024274,0.29869063,0.29141545
238.43352,0.47534286,0.49628500,0.54239799,0.48480672,0.30111109,0.28872512,0.28441278,0.30932891,0.29894551
238.72291,0.47808244,0.49479930,0.54239799,0.51243119,0.30777789,0.28661760,0.28947347,0.31342053,0.30120448
239.01231,0.46849340,0.48885564,0.53216407,0.50690622,0.30333335,0.28767121,0.28137628,0.31014714,0.29819248
239.3017,0.45205511,0.47845446,0.51754411,0.49171274,0.29555558,0.27818750,0.26619408,0.29950886,0.28689729
239.59109,0.44657554,0.47102510,0.50584818,0.48480672,0.29222234,0.27291884,0.25910906,0.29623547,0.27786117
239.88049,0.44109618,0.46508145,0.50292414,0.49033170,0.28888893,0.27397245,0.25506054,0.29378043,0.26882495
240.16988,0.44383596,0.47548263,0.50146212,0.47928175,0.29000007,0.26448889,0.25607270,0.29214385,0.26731901
240.45928,0.44109618,0.46656758,0.49415225,0.48066299,0.29000007,0.25500533,0.24999985,0.28723377,0.26355398
240.74867,0.45890436,0.47994037,0.50438616,0.48756901,0.29888882,0.26448889,0.26315772,0.28887046,0.26882506
241.03806,0.45616458,0.47845446,0.50584818,0.48618776,0.29999995,0.27186508,0.26720639,0.28641554,0.26882506
241.32746,0.45342480,0.47399693,0.50584818,0.49447523,0.29888882,0.27397260,0.27125491,0.28396050,0.26505992
241.61685,0.46301384,0.48588403,0.51900591,0.49585627,0.30666660,0.27713373,0.28036426,0.28805223,0.26882506
241.90625,0.47671255,0.49925704,0.53070184,0.50276249,0.32222215,0.29504739,0.29352213,0.29541724,0.27560209
242.19564,0.47671255,0.50222865,0.52631579,0.49723771,0.32222215,0.29926229,0.28542510,0.29296220,0.27484917
242.48503,0.45479469,0.48736994,0.50438616,0.49447523,0.31222210,0.29293987,0.27024289,0.28314227,0.27108414
242.77443,0.45205491,0.48588403,0.50292393,0.48618776,0.31000000,0.28872497,0.27024289,0.28068735,0.27033112
243.06672,0.44657554,0.48439812,0.50584797,0.48066279,0.31000000,0.28661760,0.26315787,0.28068735,0.27108414
243.35611,0.45616458,0.49034177,0.52046793,0.49447502,0.31666664,0.28556384,0.27024289,0.28559731,0.27484917
243.6455,0.47260288,0.50074296,0.53070184,0.52071805,0.32555572,0.30031621,0.28643726,0.29705394,0.28237934
243.9349,0.47945233,0.50371479,0.53070184,0.52624283,0.32777799,0.30136997,0.28542510,0.29950898,0.28765042
244.22429,0.47945233,0.50371479,0.52631579,0.51243079,0.33000009,0.30136997,0.28947376,0.29705394,0.28915648
244.51369,0.48493170,0.50371479,0.52923983,0.52348054,0.33999998,0.31085368,0.29757095,0.29787228,0.29141556
244.80308,0.48767148,0.51262984,0.53362567,0.53729278,0.34666678,0.32139100,0.30870449,0.30114556,0.29216848
245.09247,0.47945233,0.51114414,0.52923983,0.53176780,0.34666678,0.32560605,0.30769247,0.30196390,0.28915648
245.38187,0.49178115,0.52451694,0.53947374,0.54419880,0.36111121,0.32665966,0.31781384,0.31096549,0.29141545
245.67126,0.48493190,0.52303102,0.53801151,0.53038656,0.35666667,0.32139100,0.31376532,0.30932891,0.28915648
245.96066,0.47397297,0.51560167,0.52192974,0.50828706,0.34222225,0.31296105,0.30465597,0.30032733,0.28087339
246.25005,0.45753447,0.50222865,0.51169582,0.49309358,0.32999993,0.29715492,0.29453445,0.29050728,0.27635523
246.53944,0.43972629,0.48291198,0.49269002,0.48342507,0.31888891,0.28240255,0.28441308,0.28559731,0.27259020
246.82884,0.44794543,0.48439790,0.50584797,0.49171234,0.32222215,0.28661760,0.28947376,0.29050728,0.27033123
247.11823,0.45205491,0.48291198,0.51169604,0.49723731,0.32888880,0.29504739,0.29858311,0.28887058,0.26807214
247.40762,0.45890436,0.49034134,0.51315784,0.49447502,0.33777771,0.29610116,0.30668015,0.29296232,0.26957809
247.69702,0.46438373,0.49925683,0.51315784,0.48895025,0.34111095,0.29715492,0.31072882,0.29623559,0.27484917
247.98641,0.46301404,0.50222865,0.51754390,0.48618776,0.34222192,0.29610116,0.31376517,0.29787228,0.27710826
248.27581,0.47534286,0.51708737,0.53508790,0.50414373,0.35777748,0.30663847,0.33097156,0.30769234,0.28689740
248.5652,0.49589063,0.54234748,0.55994156,0.52762427,0.37333304,0.32665966,0.34919027,0.31996731,0.29969865
248.85459,0.51369901,0.56463576,0.57894758,0.53867402,0.38888875,0.33825074,0.36032380,0.32978736,0.30647568
249.14399,0.52602763,0.57503694,0.59210532,0.54281775,0.39666653,0.34773430,0.36538449,0.33633402,0.31174676
249.43338,0.53287709,0.57652286,0.59649137,0.55386730,0.40444431,0.34668069,0.36943301,0.34124399,0.31701784
249.72278,0.53013731,0.57355124,0.59356733,0.55662979,0.39777767,0.34668069,0.36437232,0.34206233,0.31927693
250.01217,0.54520571,0.59138178,0.60672528,0.57320431,0.41111095,0.36037929,0.37854236,0.35106392,0.32906607
250.30156,0.56027411,0.60326888,0.62426907,0.60911605,0.42888878,0.37197037,0.39676107,0.36333889,0.33810218
250.59096,0.56575368,0.60921254,0.62719311,0.61464102,0.43444429,0.37618543,0.40080959,0.36743063,0.34036115
250.88035,0.56849346,0.61367028,0.63596521,0.61878476,0.43777753,0.38988403,0.40890677,0.37070390,0.33960812
251.16975,0.56849346,0.61218437,0.63157916,0.61049729,0.43999980,0.38988403,0.41093096,0.36988555,0.33960812
251.45914,0.56575368,0.61367028,0.61842121,0.61325978,0.43888883,0.38461537,0.40384594,0.37397717,0.34262013
251.74853,0.57808250,0.63001491,0.62865512,0.61464082,0.44111093,0.40252903,0.41295529,0.37970548,0.35090332
252.03793,0.59589069,0.64635953,0.64327509,0.63535928,0.46111103,0.42992624,0.43319818,0.39034388,0.36069257
252.32732,0.60821951,0.65824663,0.65350900,0.64364634,0.47555545,0.44889366,0.43825901,0.39279880,0.36822263
252.61672,0.60821951,0.65378889,0.65058497,0.62845286,0.47444448,0.44889366,0.43522251,0.39198058,0.36445760
252.90611,0.58630185,0.63595835,0.62719311,0.61740331,0.46111119,0.43098001,0.42105248,0.38625226,0.35466835
253.1955,0.56164421,0.60624049,0.60087721,0.58977884,0.44222223,0.40990522,0.39979742,0.37806891,0.34713829
253.4849,0.55342506,0.60326888,0.59795339,0.58425406,0.44000012,0.40674408,0.39979742,0.37888726,0.34713829
253.77429,0.55068528,0.59881136,0.59210553,0.58149178,0.43111121,0.40569032,0.39676107,0.37561387,0.34713829
254.06369,0.55205517,0.60029727,0.59210553,0.58563531,0.43333348,0.40463656,0.40283392,0.37397717,0.34939726
254.35308,0.55068528,0.59435361,0.58771948,0.57734804,0.43444461,0.40358295,0.39777309,0.37397717,0.34864435
254.64537,0.54383602,0.58841017,0.57748556,0.57458556,0.43111137,0.40569047,0.39068807,0.37234048,0.34789132
254.93476,0.54794569,0.59286791,0.57456153,0.58701635,0.43444461,0.41833532,0.39676107,0.37725044,0.35165646
255.22416,0.55068528,0.59435383,0.57602355,0.59530381,0.43666688,0.41622779,0.39878540,0.38134206,0.35466857
255.51355,0.54931538,0.59435383,0.57456153,0.58977884,0.43666688,0.42044269,0.39676107,0.38379710,0.35617462
255.80294,0.55068528,0.58841039,0.57748556,0.57458556,0.43666688,0.41728140,0.39777338,0.38134218,0.35466857
256.09234,0.53150720,0.56463619,0.56432783,0.56077332,0.42444457,0.40252903,0.38562768,0.37315882,0.34412640
256.38173,0.49452093,0.52600328,0.52924004,0.53038656,0.39333345,0.37197053,0.35627543,0.35679223,0.32379498
256.67112,0.45890436,0.49034221,0.48830439,0.49861876,0.36222234,0.34246579,0.33603254,0.33960717,0.30572276
256.96052,0.43013705,0.46805371,0.46198871,0.48204423,0.34555565,0.32349852,0.31882600,0.32651385,0.29442756
257.24991,0.41917812,0.44427973,0.44444492,0.46961324,0.32888896,0.31190729,0.30161947,0.31669380,0.28765053
257.53931,0.40821919,0.43090672,0.43421101,0.46546951,0.31555567,0.30663863,0.29757095,0.30687387,0.28087339
257.8287,0.38630133,0.39970316,0.40643309,0.43370150,0.29444444,0.29188626,0.27935239,0.29296220,0.27033123
258.11809,0.36712325,0.38781607,0.39327514,0.40745827,0.28444439,0.28029502,0.26923087,0.28641554,0.26280117
258.40749,0.35068496,0.36998531,0.37134530,0.38535877,0.27222224,0.26975770,0.25708502,0.27986888,0.25376506
258.69688,0.32465762,0.34621111,0.35087748,0.36464072,0.25111117,0.25395142,0.24392730,0.26513898,0.24246986
258.98628,0.30410945,0.32095100,0.32748562,0.33425396,0.23222222,0.23393039,0.23178159,0.25286401,0.22891569
259.27567,0.29178063,0.30757799,0.32017574,0.30801093,0.22444444,0.22023163,0.22267224,0.24549912,0.22289147
259.56506,0.28082190,0.29866272,0.30409376,0.29143621,0.21777779,0.21390921,0.21457505,0.24058903,0.22138541
259.85446,0.26575330,0.28528971,0.29239783,0.28591143,0.20888888,0.20231812,0.21153855,0.23158745,0.21536130
260.14385,0.24657522,0.26597325,0.27631584,0.27900521,0.19555559,0.19072689,0.20141718,0.22422244,0.20783114
260.43325,0.23013693,0.24814250,0.25584781,0.27209920,0.18555571,0.18124318,0.19331985,0.21767578,0.20256005
260.72264,0.22054789,0.23922723,0.24415187,0.25552467,0.17777793,0.17702828,0.18623483,0.21358416,0.20105411
261.01203,0.21095885,0.22882605,0.24415187,0.24447492,0.17111112,0.16649081,0.17813779,0.21112924,0.19804211
261.30143,0.19863023,0.21693895,0.23391796,0.24309368,0.15777784,0.16438344,0.17307696,0.20376423,0.19503000
261.59082,0.18493152,0.20802368,0.21929800,0.22928164,0.14888892,0.15806102,0.16902844,0.19967261,0.19051194
261.88022,0.18082204,0.20950959,0.21783598,0.21546941,0.15000006,0.15595349,0.17105262,0.19803604,0.18900588
262.16961,0.16986291,0.20356615,0.20760207,0.21823190,0.14555552,0.14646993,0.16295544,0.19394442,0.18599388
262.459,0.15342462,0.18276378,0.18713424,0.20303862,0.13444450,0.13593246,0.14979771,0.18412449,0.17996977
262.7484,0.13835621,0.16641894,0.17397651,0.18508265,0.12222218,0.12223401,0.13765201,0.17512290,0.17545171
263.03779,0.12876718,0.15601776,0.16228058,0.17679539,0.11555538,0.11275030,0.13259118,0.17103117,0.17319263
263.32719,0.12328781,0.15156023,0.15497049,0.16298315,0.11333311,0.11169669,0.12550616,0.17103117,0.17545161
263.61658,0.11780825,0.14264475,0.15497049,0.17265165,0.10777760,0.10958916,0.12753049,0.16857612,0.17243960
263.90597,0.10410973,0.13075786,0.14181275,0.14364614,0.09999982,0.09062190,0.11842114,0.16202958,0.16265035
264.19537,0.09863017,0.12630012,0.13011682,0.13259639,0.09333334,0.08851437,0.11133612,0.16121112,0.16189744
264.48476,0.09452069,0.12332829,0.12426896,0.12430913,0.09111107,0.08640685,0.10627529,0.15875619,0.16039138
264.77416,0.09315060,0.11738485,0.12280695,0.12154664,0.08999977,0.08851437,0.10526327,0.15466446,0.15888533
265.06355,0.09041102,0.10995550,0.11842111,0.11740311,0.08555524,0.08008442,0.09817825,0.15139118,0.15662635
265.35294,0.08356177,0.10104023,0.11111102,0.11049709,0.08444427,0.07903082,0.09919027,0.15057272,0.15512030
265.64234,0.08082198,0.09658248,0.10818698,0.10220963,0.08222200,0.07797690,0.10020258,0.14811779,0.15512030
265.93173,0.08630155,0.09806840,0.11695887,0.11187813,0.08666637,0.08324556,0.10829962,0.14893602,0.15662624
266.22112,0.08219207,0.08766721,0.10672496,0.12154664,0.07999973,0.08008442,0.10222691,0.14729933,0.15512030
266.51341,0.09863057,0.09806840,0.11695887,0.12430913,0.09333302,0.09272927,0.11639695,0.15302764,0.15963835
266.80281,0.11232908,0.11292733,0.12719279,0.14364614,0.10222193,0.10537411,0.12854266,0.16039265,0.16340338
267.0922,0.12054803,0.11589915,0.13742670,0.15331464,0.11111084,0.11485767,0.13562768,0.16612096,0.16490944
267.38159,0.13424674,0.12630034,0.14181254,0.16298315,0.12111089,0.12434123,0.13663970,0.17594089,0.17018052
267.67099,0.14246589,0.13521539,0.15204645,0.17955767,0.12888867,0.13066380,0.14676121,0.17921428,0.17319263
267.96038,0.14109620,0.13224378,0.13888872,0.17265165,0.12555543,0.12328762,0.13765186,0.17921428,0.17093355
268.24978,0.15342502,0.13818722,0.15204645,0.19060742,0.12999980,0.14120112,0.14878540,0.18166921,0.17771069
268.53917,0.15342502,0.13967313,0.15643251,0.20303841,0.13444418,0.14436241,0.15182190,0.18330590,0.17620463
268.82856,0.16027427,0.14561657,0.16666642,0.20994443,0.14111098,0.15173859,0.15890692,0.18903422,0.17846372
269.11796,0.16027427,0.15453206,0.16374260,0.20856319,0.14222212,0.14963107,0.15890692,0.19148926,0.18072280
269.40735,0.17808226,0.17533443,0.17982458,0.22651916,0.16111108,0.16332967,0.17813764,0.19967261,0.18975891
269.69675,0.20000012,0.19910841,0.19736837,0.24171244,0.17666663,0.17492091,0.19129551,0.20949254,0.19879502
269.98614,0.21643841,0.21248142,0.20760228,0.25690572,0.19111105,0.18018957,0.19534418,0.22094917,0.20557205
270.27553,0.22054789,0.22139669,0.21491216,0.25552467,0.20222224,0.18756575,0.19939270,0.22749583,0.20858416
270.56493,0.22328767,0.22585422,0.22514607,0.25138114,0.21111099,0.19494194,0.20647772,0.23322414,0.21084325
270.85432,0.21369863,0.22288239,0.22514607,0.24999990,0.20333321,0.19494194,0.20647772,0.23158745,0.20783114
271.14372,0.20684938,0.21693895,0.21783619,0.24309388,0.19222219,0.18229709,0.19838053,0.22995087,0.20707822
271.43311,0.19452056,0.20950938,0.20614048,0.23480662,0.17555550,0.17070601,0.18825916,0.22585926,0.20481914
271.7225,0.18904119,0.20356593,0.20467846,0.23066289,0.16666659,0.17386730,0.19028350,0.22176752,0.20105400
272.0119,0.17671237,0.19316475,0.19152072,0.22237563,0.15555540,0.16122230,0.17914981,0.21522086,0.19728897
272.30129,0.16438355,0.18127765,0.18274862,0.20856339,0.14555536,0.16122230,0.17611346,0.20949254,0.19277091
272.59069,0.14246569,0.16344690,0.16081899,0.20027613,0.12999980,0.13909375,0.16093140,0.20049096,0.18373469
272.88008,0.13150676,0.14858819,0.14912284,0.17403310,0.11555538,0.12644890,0.15384638,0.19476265,0.17921674
273.16947,0.11506846,0.13818700,0.13157905,0.15607713,0.10444420,0.11485782,0.14473703,0.18576106,0.17469869
273.45887,0.10547942,0.12035625,0.11842111,0.14502758,0.09666642,0.10537411,0.13461566,0.18248767,0.17093355
273.74826,0.08630135,0.09955388,0.10672518,0.12983410,0.08222200,0.10115906,0.12348197,0.17430444,0.16415652
274.03766,0.06849316,0.07875151,0.08625735,0.12154664,0.06666644,0.08851422,0.10931193,0.16366604,0.15662646
274.32705,0.05068498,0.06240689,0.07017558,0.09806610,0.04777764,0.07481546,0.09817840,0.14893614,0.14608429
274.61644,0.03287679,0.04309043,0.04385968,0.07872909,0.02777755,0.05690195,0.08400836,0.13829786,0.13629515
274.90584,0.01917808,0.02823172,0.02339186,0.07044162,0.01111102,0.04004206,0.06781399,0.13011463,0.13177699
275.19523,0.00958904,0.01485871,0.01169614,0.06629809,0.00000000,0.02634330,0.05769247,0.12602301,0.13027093
275.48462,0.01095893,0.01040097,0.01461997,0.06767914,0.00444438,0.02950459,0.06072897,0.12356797,0.13328304
275.77402,0.01095893,0.01337280,0.01315795,0.06077312,0.00777778,0.02950459,0.06275315,0.12520454,0.13252991
276.06341,0.00000000,0.00000000,0.00000000,0.05248606,0.00555551,0.01159093,0.05465611,0.12193127,0.12951791
276.35281,0.00958904,0.00594366,0.01023391,0.05386710,0.01000005,0.02002103,0.06477749,0.12765958,0.13328304
276.6422,0.02054797,0.01783076,0.02339186,0.04696108,0.02000009,0.02739721,0.07287452,0.13502459,0.14081310
276.93159,0.04794519,0.04011904,0.04970776,0.05801103,0.03888889,0.05163329,0.08805673,0.14893626,0.15436738
277.22099,0.06027401,0.04754839,0.05994167,0.07596660,0.05222234,0.06111685,0.09716593,0.15875619,0.16415652
277.51038,0.06575358,0.05349205,0.06725154,0.08425406,0.05444445,0.06849303,0.10425095,0.16202946,0.16942760
277.79978,0.07808240,0.07280872,0.08333332,0.10635336,0.06555563,0.08535278,0.12348182,0.17103105,0.17846383
278.08917,0.07945229,0.07726625,0.07894726,0.11740311,0.06333336,0.08219164,0.12854251,0.17103105,0.17846383
278.37856,0.07945229,0.07578033,0.08187130,0.11464082,0.06666660,0.09062174,0.13157901,0.17348609,0.17921674
278.67085,0.08219207,0.08023786,0.08625714,0.12016560,0.06888887,0.09799793,0.13765171,0.18085110,0.18222885
278.96025,0.08630175,0.08320969,0.09210521,0.13674032,0.07666665,0.10221298,0.14170038,0.18330614,0.18900599
279.24964,0.08356196,0.07578012,0.09502925,0.13397783,0.08000005,0.10853540,0.14574890,0.18330614,0.18900599
279.53903,0.08630175,0.07875194,0.09795307,0.13812156,0.08333329,0.11275045,0.15182175,0.18739776,0.19352405
279.82843,0.07945249,0.07875194,0.09649105,0.12845306,0.08333329,0.11380421,0.14979742,0.19067103,0.19126497
280.11782,0.07534282,0.07132259,0.09356723,0.12845306,0.08222216,0.11380421,0.14676107,0.18821611,0.19051205
280.40722,0.07808260,0.07726625,0.09649105,0.12569057,0.08222216,0.12118040,0.14878540,0.18821611,0.19051205
280.69661,0.06438389,0.06835076,0.08479512,0.12569057,0.07777778,0.11380421,0.13866403,0.18166945,0.18900599
280.986,0.06301400,0.06389323,0.08333310,0.14917111,0.07444438,0.10537427,0.13967605,0.17839606,0.19051194
281.2754,0.05205507,0.05497775,0.06871314,0.13812136,0.06555547,0.09799808,0.12955468,0.17512278,0.18448783
281.56479,0.05753463,0.06389323,0.07163717,0.13259659,0.06777757,0.09799808,0.13360320,0.17266786,0.18373480
281.85419,0.05342496,0.06092141,0.07163717,0.13397763,0.06777757,0.09589056,0.13157886,0.17430456,0.18373480
282.14358,0.04657570,0.05200592,0.06578931,0.10773460,0.06222190,0.08746061,0.12348168,0.16775790,0.17771069
282.43297,0.04109614,0.04457656,0.06725133,0.09806610,0.06333304,0.08640685,0.12044518,0.16939459,0.17771069
282.72237,0.04657550,0.04903431,0.06578931,0.10911585,0.06222190,0.09272927,0.12246936,0.17184951,0.18147572
283.01176,0.05205507,0.05200614,0.07017537,0.11602207,0.07555519,0.09589040,0.12955438,0.17348621,0.18825275
283.30116,0.05479465,0.05794958,0.08040928,0.11602207,0.07888859,0.09905154,0.13562738,0.17839606,0.19277080
283.59055,0.06986305,0.08172377,0.09210521,0.13121535,0.08888848,0.10221282,0.14777309,0.18739776,0.20030097
283.87994,0.07123314,0.08766743,0.09502925,0.12983410,0.09111075,0.10326659,0.14372457,0.18903445,0.20105400
284.16934,0.07260284,0.08766743,0.09356723,0.13950261,0.08888848,0.10221282,0.14170023,0.19312607,0.20180702
284.45873,0.08219187,0.09509679,0.10087710,0.13812156,0.09888853,0.11275030,0.15283377,0.20049096,0.20783114
284.74812,0.09315080,0.10698367,0.11842111,0.16160211,0.11333295,0.12434138,0.16801612,0.20949254,0.21912633
285.03752,0.11232888,0.12184259,0.13450309,0.17541434,0.12777737,0.14752370,0.18218616,0.22094917,0.22740942
285.32691,0.11095899,0.12035668,0.13011725,0.16712708,0.13111077,0.14857731,0.17510114,0.22340421,0.22590347
285.61631,0.11095899,0.11589894,0.13450309,0.17127061,0.13555531,0.15911462,0.18319833,0.22422256,0.23042153
285.9057,0.10547962,0.11144119,0.13450309,0.17403310,0.13999969,0.16332967,0.18623483,0.22749583,0.23117456
286.19509,0.11095899,0.11441302,0.13157927,0.17541454,0.14555536,0.16859833,0.18825916,0.22995087,0.23493958
286.48449,0.12328781,0.12630034,0.14327520,0.20303862,0.15333314,0.17702828,0.19635635,0.24058915,0.24623478
286.77388,0.14794545,0.14858840,0.16374302,0.21546961,0.16999983,0.19599555,0.21356289,0.25368247,0.25903603
287.06328,0.15205493,0.15601776,0.17690097,0.21270712,0.17777760,0.19388818,0.22267224,0.26186583,0.26506014
287.35267,0.16027407,0.16939077,0.19152072,0.23204413,0.18444441,0.20021060,0.22975726,0.26923084,0.27183728
287.64206,0.17808226,0.18276378,0.21198855,0.24033139,0.19777770,0.22023178,0.24493931,0.27986912,0.27861442
287.93146,0.18219193,0.19167905,0.21783662,0.25000010,0.20333321,0.22866173,0.24595148,0.28559743,0.28463853
288.22085,0.19315086,0.20208024,0.23099457,0.24447513,0.21222212,0.23603791,0.25809719,0.29459901,0.29367475
288.51025,0.21369863,0.22139669,0.25438643,0.26243089,0.23444432,0.25500518,0.27631589,0.30441906,0.30722892
288.79964,0.21917820,0.23328379,0.26608214,0.27762417,0.24111097,0.26238137,0.28340091,0.31096573,0.31325303
289.08903,0.22876724,0.24517089,0.27046798,0.28038666,0.24777761,0.26975755,0.28846160,0.31833073,0.31927715
289.37843,0.23424680,0.25260024,0.27631606,0.28867412,0.25222215,0.26870379,0.29352228,0.32487727,0.32454823
289.66782,0.25479457,0.28083196,0.29532165,0.30386740,0.26666641,0.29188610,0.31477734,0.33797060,0.33734948
289.95722,0.26712339,0.29717681,0.30847960,0.32872919,0.27999970,0.29820853,0.33097156,0.35188226,0.34563257
290.24661,0.28493158,0.31352143,0.32163755,0.33563520,0.28888877,0.30874600,0.34311741,0.36252054,0.35768079
290.5389,0.30547954,0.33135197,0.34795344,0.35359117,0.30666643,0.32349837,0.36234814,0.37806879,0.36822296
290.82829,0.32465762,0.35215434,0.36988328,0.37292818,0.32666637,0.34246579,0.38056670,0.38952541,0.37876512
291.11769,0.32876710,0.35958391,0.37719316,0.38535918,0.33444414,0.34773460,0.38562753,0.39607208,0.38478924
291.40708,0.34794517,0.37741445,0.39327493,0.39502768,0.35111083,0.36354058,0.40182190,0.40507366,0.39759038
291.69647,0.36164389,0.39078746,0.40497086,0.40055266,0.36111072,0.37934671,0.41093125,0.41489371,0.40587357
291.98587,0.36849314,0.40267434,0.40935691,0.41574614,0.36777753,0.38040048,0.41295559,0.41898545,0.41490968
292.27526,0.36849314,0.40118864,0.41081893,0.40331515,0.36999963,0.38356161,0.41497977,0.41898545,0.41340363
292.56466,0.36164389,0.39227316,0.39912300,0.39640913,0.36666623,0.38672290,0.40789475,0.41816698,0.41039152
292.85405,0.35205485,0.38187197,0.38450304,0.38950291,0.35777748,0.38250800,0.40384609,0.41162044,0.40512043
293.14344,0.35068496,0.37592853,0.37573114,0.38812167,0.35666634,0.38145424,0.39878540,0.41243879,0.40587335
293.43284,0.33698644,0.35958391,0.36842127,0.38259669,0.34999970,0.37513182,0.38967605,0.40507378,0.39834330
293.72223,0.32328773,0.34472498,0.35818735,0.36602217,0.33999965,0.36880939,0.37854236,0.39770877,0.39006010
294.01162,0.30273976,0.31649304,0.34210558,0.34806620,0.32555539,0.34457347,0.36234814,0.38543380,0.37801188
294.30102,0.28493158,0.30163433,0.31871372,0.32320441,0.31333308,0.32771357,0.34716593,0.37397717,0.36897576
294.59041,0.26849308,0.28528949,0.30116972,0.30801113,0.29666639,0.31296120,0.33299590,0.36170220,0.35918662
294.87981,0.25068490,0.26448712,0.27777786,0.28729268,0.27666645,0.29926260,0.31680167,0.34860887,0.34789143
295.1692,0.23013693,0.24368476,0.25584802,0.26933691,0.26333317,0.28240270,0.30465582,0.33715225,0.33734926
295.45859,0.21780831,0.23031174,0.23976625,0.25138114,0.24999972,0.27081162,0.29352228,0.32896889,0.32756012
295.74799,0.20136981,0.21396690,0.22514628,0.23895015,0.23333303,0.25711286,0.27631574,0.31751227,0.31551190
296.03738,0.18630141,0.19762228,0.20614048,0.20994463,0.21999974,0.24341425,0.26417004,0.31096561,0.30572276
296.32678,0.16849322,0.17681991,0.18713446,0.19198866,0.20444418,0.23076941,0.25000000,0.30032733,0.29593351
296.61617,0.16301386,0.16790464,0.18128660,0.19198866,0.19555543,0.22444699,0.24696365,0.29787240,0.29593351
296.90556,0.17123300,0.16939055,0.18421063,0.20441966,0.19666656,0.21812441,0.25303665,0.29459901,0.29442756
297.19496,0.16575344,0.16641873,0.18274862,0.19751364,0.19555543,0.21074823,0.25000030,0.29378067,0.29819259
297.48435,0.15890418,0.15898937,0.17543853,0.19613240,0.18777765,0.19915699,0.24291528,0.28641566,0.29066242
297.77375,0.16027407,0.16047528,0.16666663,0.19060762,0.18444441,0.18967328,0.24392744,0.28641566,0.29292151
298.06314,0.16164397,0.16493303,0.16228058,0.18370160,0.18999992,0.18545838,0.24797596,0.28805235,0.29743956
298.35253,0.18219173,0.18276378,0.17543853,0.19060762,0.21222196,0.20547941,0.26417033,0.29869063,0.30798173
298.64193,0.18356183,0.18276378,0.18421042,0.20303862,0.21222196,0.21074807,0.26821885,0.29950886,0.31099384
298.93132,0.19041108,0.18870722,0.20029240,0.21685085,0.22222201,0.22550044,0.27327954,0.30851056,0.31777098
299.22072,0.21369883,0.21842486,0.22368426,0.23895035,0.24333323,0.24446771,0.29352243,0.32569550,0.33509018
299.51011,0.23424680,0.24071314,0.25000016,0.25690612,0.25888879,0.26765002,0.30668045,0.33960717,0.34789143
299.7995,0.25068510,0.25854390,0.26608193,0.27624313,0.27444435,0.28029487,0.31781399,0.35351884,0.36219863
300.0889,0.26438361,0.26894508,0.27485382,0.29419910,0.28777780,0.29820853,0.32995969,0.36415712,0.36897576
300.37829,0.26986317,0.27191691,0.28216391,0.31353611,0.29222217,0.30558471,0.33400821,0.36743039,0.37499999
300.66769,0.27671243,0.28083218,0.29093581,0.32182337,0.29999995,0.31401451,0.34109323,0.37315870,0.37725896
300.95708,0.28356169,0.28528992,0.29678388,0.32320461,0.30666660,0.32560574,0.34716608,0.37725032,0.38177713
301.24647,0.28082190,0.28528992,0.29970770,0.33149167,0.31111113,0.32665935,0.34817825,0.38052371,0.38704821
301.53587,0.29452062,0.29569111,0.31286565,0.34944764,0.32000005,0.34878790,0.36133597,0.39034364,0.38855426
301.82526,0.31095911,0.31352165,0.33187146,0.36325968,0.33555560,0.36459419,0.37753034,0.40180027,0.40060249
302.11755,0.32328773,0.32540853,0.35233928,0.35359117,0.34444451,0.38145408,0.39170038,0.40916528,0.40587357
302.40694,0.33287677,0.33432402,0.36111139,0.37154714,0.34777776,0.39409893,0.39676107,0.41325690,0.40813255
302.69634,0.32602751,0.33580971,0.35964916,0.37569067,0.33888901,0.38777635,0.39068821,0.41243867,0.40888557
302.98573,0.33150688,0.34472520,0.36842105,0.37845316,0.34333338,0.38672274,0.39372471,0.41407536,0.40888557
303.27512,0.32465762,0.34175337,0.35526332,0.37983420,0.33666674,0.37197037,0.38765171,0.40834705,0.40587357
303.56452,0.30547954,0.31797917,0.34210537,0.37430943,0.31999988,0.35721801,0.37348168,0.39443538,0.39307232
303.85391,0.29589051,0.30163433,0.32456137,0.36187844,0.30888886,0.34457316,0.36133597,0.38543368,0.38328318
304.14331,0.29589051,0.30014842,0.32602339,0.36187844,0.30888886,0.34562677,0.36538449,0.38134206,0.38027107
304.4327,0.29589051,0.30757799,0.33187146,0.35773470,0.31222210,0.34141187,0.36740882,0.38461533,0.38554215
304.72209,0.29863029,0.30609186,0.33333326,0.36325968,0.31333308,0.34773430,0.37348168,0.38543380,0.38328318
305.01149,0.30137007,0.30460594,0.33040923,0.35359097,0.31444421,0.34351940,0.37246951,0.38379710,0.38478924
305.30088,0.30410985,0.30757777,0.32894721,0.36187823,0.31666632,0.34246564,0.37449384,0.38134206,0.38102421
305.59028,0.30547954,0.31054939,0.32748519,0.35497222,0.31555535,0.34562692,0.37348168,0.37970548,0.37951815
305.87967,0.29315092,0.30163412,0.31578947,0.34944744,0.30555530,0.32349837,0.36234814,0.37070378,0.37349393
306.16906,0.28630147,0.29866250,0.30994140,0.34392267,0.29999979,0.31928347,0.35829962,0.36415724,0.36972890
306.45846,0.27945221,0.29123293,0.29970749,0.35635366,0.29777752,0.31190729,0.34817810,0.36252054,0.36746982
306.74785,0.27808252,0.28677519,0.30409333,0.36602217,0.29666639,0.31085352,0.34919027,0.36252054,0.36822285
307.03725,0.27945221,0.28826110,0.30555556,0.37845296,0.29666639,0.31822971,0.35425110,0.36252054,0.36746982
307.32664,0.29178103,0.29866229,0.31432746,0.38535918,0.30777757,0.32665966,0.35829962,0.37234048,0.37575290
307.61603,0.31232900,0.31797874,0.33918133,0.40469619,0.32777750,0.35089574,0.37651832,0.38379710,0.38478902
307.90543,0.33150708,0.33729541,0.35087726,0.41022096,0.34222192,0.36248682,0.38562768,0.39607196,0.39533129
308.19482,0.33835653,0.34769659,0.36403521,0.42817673,0.34999970,0.36880924,0.39473703,0.40507366,0.40286146
308.48422,0.33698664,0.35066842,0.36403521,0.43922668,0.34777759,0.36986316,0.39170053,0.40589201,0.40210832
308.77361,0.33287697,0.34769659,0.35672512,0.45165767,0.34222208,0.36775563,0.38663970,0.40098204,0.39909621
309.063,0.33013719,0.35215412,0.35380109,0.44060792,0.34111095,0.35827192,0.38461551,0.40016357,0.40210832
309.3524,0.32602771,0.34918251,0.35380109,0.43646439,0.33777771,0.35616440,0.38562768,0.40180027,0.39984924
309.64179,0.33013719,0.35215412,0.35818714,0.43093962,0.34333338,0.36037945,0.38866403,0.40425531,0.40436730
309.93119,0.33424666,0.35364025,0.35964916,0.43922688,0.34555549,0.36775563,0.39170053,0.40671035,0.40888546
310.22058,0.34931526,0.36255552,0.36988307,0.43093962,0.35333327,0.37934671,0.40080988,0.41325690,0.41641552
310.50997,0.35068516,0.35958369,0.37134488,0.42955838,0.35333327,0.38040048,0.39979771,0.41407524,0.41641552
310.79937,0.35753441,0.36849896,0.38011698,0.43646439,0.35777780,0.39304532,0.40587057,0.41653029,0.42018066
311.08876,0.36575356,0.38038606,0.38888888,0.43093962,0.37111109,0.40042151,0.41902844,0.42225860,0.42545174
311.37816,0.37123292,0.38038606,0.39181270,0.42265236,0.37666660,0.40569016,0.42307710,0.42471364,0.42846374
311.66755,0.36027399,0.36701305,0.37865496,0.40745908,0.36444445,0.40358264,0.42004060,0.41734863,0.42469871
311.95694,0.34520539,0.35215412,0.36403500,0.39088456,0.35555553,0.39726022,0.40991909,0.41080197,0.41942763
312.24634,0.33835613,0.35066842,0.36111096,0.39502809,0.35666667,0.39409908,0.41093125,0.40752870,0.41641552
312.53573,0.34246561,0.35215412,0.36257298,0.39088456,0.35777780,0.39726037,0.41194342,0.40671035,0.41942763
312.82512,0.34520539,0.34918229,0.36257298,0.38535958,0.36222218,0.39936774,0.41396775,0.40916528,0.42394569
313.11452,0.35205485,0.35364004,0.37573093,0.37707212,0.37444433,0.40990522,0.42813779,0.41734863,0.42921677
313.40391,0.36849334,0.36255530,0.39473674,0.39779037,0.39333329,0.42676511,0.44433216,0.43044195,0.44051197
313.69331,0.39315078,0.39078703,0.41812860,0.43508315,0.42000003,0.45626985,0.46659939,0.45008194,0.46159630
313.98559,0.40958928,0.40713187,0.43859642,0.45856369,0.43333332,0.46996846,0.48380592,0.46563018,0.47289139
314.27499,0.42191810,0.42050488,0.46198828,0.47651946,0.44888887,0.47945217,0.50000015,0.47790515,0.47966853
314.56438,0.42739746,0.43239198,0.46783635,0.49585647,0.46111103,0.48788211,0.50506083,0.48854343,0.48569275
314.85378,0.44109618,0.44725091,0.48099430,0.50552498,0.47666658,0.50158072,0.52125520,0.50081853,0.49623492
315.14317,0.46712351,0.47251080,0.50877200,0.53038696,0.50555559,0.52054799,0.54858311,0.51964016,0.51280109
315.43256,0.47534286,0.48291198,0.51900591,0.54558024,0.51333337,0.52897793,0.55465582,0.52700505,0.51807217
315.72196,0.48904137,0.49777091,0.53362588,0.55801123,0.52999990,0.54583768,0.56477734,0.53764333,0.52710839
316.01135,0.51917858,0.52600285,0.56432762,0.59254152,0.55888874,0.57112752,0.58704456,0.55646496,0.54141559
316.30075,0.54109644,0.54829113,0.58040939,0.61325978,0.57666657,0.58377252,0.60526327,0.57283167,0.55496976
316.59014,0.56712377,0.56463576,0.60672528,0.63397783,0.59444439,0.60800844,0.62651832,0.58919827,0.56927706
316.87953,0.58904163,0.58692426,0.63157895,0.65745858,0.61777773,0.63329813,0.65182190,0.60801990,0.58358426
317.16893,0.60411003,0.60921254,0.64619870,0.68093932,0.63888879,0.65437292,0.67004046,0.62193157,0.59789157
317.45832,0.60684962,0.60475480,0.64912274,0.68508285,0.63777782,0.65542669,0.66295544,0.61947653,0.59713854
317.74772,0.60547992,0.61069845,0.64766093,0.68646409,0.63444442,0.65753421,0.66093110,0.61620326,0.59262048
318.03711,0.60274014,0.60475480,0.64619891,0.68784534,0.63333328,0.65753421,0.65789475,0.61292987,0.58810232
318.3265,0.60821951,0.61367007,0.65643283,0.70580110,0.64222204,0.67123282,0.66801627,0.61865818,0.59487946
318.6159,0.62191802,0.63001469,0.66228068,0.71270732,0.65222208,0.67966277,0.67813779,0.62847823,0.60542162
318.90529,0.65616450,0.66270416,0.70029230,0.75138134,0.67999995,0.70600622,0.70850220,0.64811821,0.62801190
319.19469,0.70136991,0.71768190,0.75146186,0.80248616,0.72333322,0.74077962,0.75000015,0.67921470,0.65963841
319.48408,0.73013703,0.74739954,0.78070158,0.83425396,0.74777769,0.76712322,0.77429170,0.69558129,0.67846366
319.77347,0.78082200,0.79494793,0.83479517,0.88259649,0.78777755,0.80295054,0.81072897,0.72258628,0.70481908
320.06287,0.80273986,0.82020805,0.85672502,0.90193350,0.80333311,0.81664914,0.82591117,0.73649783,0.71837336
320.35226,0.81917816,0.84249633,0.87426880,0.91298325,0.81777770,0.83140151,0.84210540,0.74877281,0.73192753
320.64166,0.82876720,0.85141138,0.88304091,0.92403300,0.82555547,0.83877770,0.84514190,0.75204608,0.73493964
320.93105,0.81232890,0.84249611,0.86403489,0.90055226,0.81888867,0.83034775,0.82995969,0.74386284,0.72891553
321.22044,0.81095921,0.84398203,0.85964905,0.90055226,0.81666656,0.82613285,0.82793536,0.74140780,0.72665655
321.50984,0.81506868,0.84695364,0.87134498,0.89502748,0.81666656,0.82718662,0.83097186,0.74386284,0.72665655
321.79923,0.83013729,0.86627009,0.87865486,0.90607703,0.82666661,0.83667017,0.84615406,0.75286443,0.73493975
322.08862,0.84520569,0.87667127,0.89181281,0.91298325,0.84111103,0.84720764,0.86234843,0.76595763,0.74774089
322.37802,0.86575366,0.90341730,0.91520445,0.92541404,0.86333339,0.86933620,0.88967634,0.78232422,0.76430728
322.66741,0.86849344,0.91084665,0.91520445,0.91160201,0.87111117,0.86617491,0.88461551,0.78887088,0.77108442
322.95681,0.88219215,0.92570558,0.93274846,0.92127051,0.88333333,0.87565862,0.89271270,0.79296250,0.77786145
323.2462,0.87945257,0.92570558,0.93274846,0.89917101,0.88666673,0.88198104,0.89170053,0.79296250,0.77710842
323.53559,0.86849364,0.90787483,0.91374265,0.88535898,0.87000004,0.87776615,0.87449399,0.78232422,0.76506031
323.82499,0.84794567,0.88855837,0.89619886,0.86325968,0.85333335,0.85563759,0.85728760,0.76759432,0.74924705
324.11438,0.80548004,0.84398181,0.84502930,0.82044193,0.81777786,0.82507909,0.82287452,0.74468107,0.72816272
324.40378,0.77671293,0.80980664,0.81725138,0.80939238,0.79555566,0.80295054,0.80465597,0.72667766,0.71234947
324.69317,0.73561699,0.76523008,0.77046788,0.76657462,0.76222228,0.75763982,0.76720669,0.69721787,0.68448810
324.98256,0.71095935,0.73848427,0.74268996,0.74723761,0.73444440,0.73761863,0.74696365,0.67839623,0.66867485
325.27196,0.69178127,0.71916782,0.72660819,0.73756911,0.71444431,0.71338256,0.73279361,0.66202952,0.65512057
325.56135,0.65616470,0.68499244,0.69298242,0.69198887,0.68111093,0.67966292,0.69635650,0.63420630,0.63177715
325.85075,0.62876748,0.65378889,0.65935665,0.66022086,0.65222208,0.64699689,0.66801642,0.61211140,0.61069282
326.14303,0.60000036,0.62555716,0.63011672,0.64088385,0.62777761,0.61749215,0.64170053,0.59165307,0.59487957
326.43243,0.57671261,0.60475480,0.60964889,0.62983430,0.60333314,0.59641736,0.61842114,0.57201321,0.57680723
326.72182,0.54931538,0.57206533,0.57748535,0.59944754,0.56999976,0.55953644,0.58502038,0.54582668,0.55120484
327.01122,0.53287689,0.54829113,0.55409349,0.58287282,0.54222205,0.53951525,0.56578965,0.52291343,0.53012050
327.30061,0.49315084,0.50520048,0.51023381,0.54972377,0.50777754,0.51527917,0.53036456,0.49918183,0.50225914
327.59,0.44794543,0.45616639,0.45906424,0.52762427,0.45888876,0.46996830,0.48785430,0.46644865,0.46762052
327.8794,0.40136993,0.40564617,0.40643288,0.47928175,0.41666646,0.42465758,0.44939285,0.43371534,0.43674705
328.16879,0.35753421,0.36106961,0.35526332,0.42679549,0.37333320,0.38777651,0.40485840,0.40834705,0.41189757
328.45819,0.33424666,0.33432380,0.33333326,0.39917121,0.34888873,0.36037914,0.38866403,0.39116211,0.39231929
328.74758,0.32602731,0.32838014,0.32456137,0.37569047,0.33888884,0.35089543,0.37348197,0.38297875,0.38403610
329.03697,0.33013699,0.33135175,0.32894742,0.37983420,0.33999998,0.36143290,0.37651832,0.38543380,0.38403610
329.32637,0.32876710,0.32838014,0.33187146,0.37016570,0.34111127,0.35616424,0.37854251,0.38379710,0.38478913
329.61576,0.33698644,0.33135197,0.33040944,0.37292818,0.34444451,0.36459419,0.38157901,0.38788872,0.38704821
329.90516,0.33561655,0.32540853,0.32309956,0.37569067,0.34777792,0.36354058,0.38259103,0.38952541,0.38554215
330.19455,0.32876710,0.31352143,0.31578969,0.37430943,0.34333354,0.36143306,0.38157886,0.38379710,0.38328307
330.48394,0.31917806,0.30014842,0.30701779,0.36049719,0.33777803,0.36037945,0.37854236,0.38052383,0.37876501
330.77334,0.30273976,0.28083196,0.28801177,0.33149167,0.32555572,0.34562708,0.36437232,0.36824886,0.36746982
331.06273,0.28630127,0.26300121,0.26900597,0.31491695,0.30777789,0.33719713,0.34817795,0.35597388,0.35692765
331.35212,0.26849308,0.24368476,0.25000016,0.29972367,0.29777801,0.32982094,0.33704427,0.34615383,0.34939748
331.64152,0.26575330,0.23774110,0.24561411,0.29972367,0.29555574,0.32244476,0.34008077,0.34369891,0.35090354
331.93091,0.26986277,0.24368476,0.25292420,0.29281745,0.30111125,0.32876718,0.35425095,0.34288056,0.35617462
332.22031,0.26986277,0.24219884,0.25584802,0.28591143,0.30444449,0.32876718,0.35323879,0.34288056,0.35391554
332.5097,0.27123286,0.23922723,0.25000016,0.28867372,0.30555562,0.33087471,0.35222662,0.34206221,0.35240960
332.79909,0.27260256,0.24368476,0.24561432,0.29834223,0.30666660,0.33719713,0.35020229,0.34124387,0.35391565
333.08849,0.27397245,0.24368476,0.24122827,0.29834223,0.30666660,0.32982094,0.35323879,0.34042552,0.35391565
333.37788,0.26986277,0.24071314,0.24122827,0.29834223,0.30444433,0.33298223,0.35222662,0.33797060,0.35466857
333.66728,0.26712299,0.23476949,0.23391818,0.27762417,0.30111109,0.32560605,0.34514160,0.33551555,0.34864446
333.95667,0.26027373,0.23328357,0.23245637,0.26657422,0.29777768,0.32455213,0.34514160,0.33306051,0.34638537
334.24606,0.26027373,0.22882605,0.22953234,0.26519298,0.28999990,0.32244461,0.34412958,0.32978724,0.34563246
334.53546,0.26164383,0.23476949,0.23245616,0.27348024,0.29111104,0.32560589,0.34716593,0.33060559,0.34186732
334.82485,0.26438361,0.23922723,0.23099414,0.26795546,0.28999974,0.32455213,0.34109308,0.32978712,0.33960834
335.11425,0.27123286,0.24665658,0.23538019,0.26933671,0.28999974,0.32560589,0.34311727,0.33469721,0.34337337
335.40364,0.27260296,0.25111433,0.23976625,0.28038666,0.29666639,0.32349837,0.34817810,0.33797048,0.34713840
335.69303,0.28082210,0.25557207,0.25000016,0.28314895,0.30333303,0.32033708,0.35323893,0.34288044,0.34789143
335.98243,0.27945221,0.25705777,0.24269028,0.26657422,0.30111076,0.31822956,0.35121460,0.34042552,0.34638537
336.27182,0.27534274,0.25111433,0.23391818,0.25276219,0.29888849,0.30769224,0.34008091,0.33960705,0.34337337
336.56122,0.27260296,0.24962841,0.23684221,0.26381173,0.29666639,0.31401466,0.34514160,0.33797048,0.34563246
336.85061,0.27397265,0.24962841,0.24415209,0.27486148,0.29666639,0.31717595,0.35323893,0.33797048,0.34864446
337.14,0.26986317,0.24665658,0.24561411,0.26795546,0.29777752,0.31085337,0.35728745,0.33633390,0.34939748
337.4294,0.25753435,0.23476970,0.23245637,0.25138094,0.28444407,0.30558471,0.34919027,0.33142382,0.34262035
337.72169,0.25205499,0.22585422,0.22660830,0.23066269,0.27666629,0.29715476,0.34210525,0.32405881,0.33885521
338.01108,0.25342488,0.22436852,0.22953234,0.25138094,0.27999970,0.30663832,0.34514160,0.32569550,0.34262035
338.30047,0.26027413,0.22585422,0.23684221,0.25276219,0.28111067,0.30769224,0.34716593,0.32569550,0.34337337
338.58987,0.26575350,0.23625540,0.24122827,0.25966840,0.28666618,0.30979976,0.35020229,0.32978712,0.34789143
338.87926,0.26849308,0.22882605,0.23538041,0.24861866,0.28777731,0.30874585,0.34109308,0.32896877,0.34864446
339.16866,0.27397265,0.23179787,0.23830444,0.25690612,0.28999958,0.31190713,0.34716593,0.33142382,0.34864446
339.45805,0.27123286,0.22734013,0.23684221,0.26104965,0.29111071,0.31612203,0.34514175,0.32815043,0.34713851
339.74744,0.26164383,0.21396734,0.21929842,0.24033139,0.27999970,0.30979976,0.33299590,0.32324046,0.34186743
340.03684,0.24931500,0.20653798,0.20321665,0.22790060,0.27222192,0.30663863,0.32591088,0.31833049,0.33734937
340.32623,0.24383564,0.19613680,0.20321665,0.23066309,0.26999965,0.30347749,0.31882586,0.31587545,0.33057223
340.61562,0.24383564,0.19613680,0.20614048,0.23480662,0.26999965,0.30874615,0.31680167,0.31505710,0.32906618
340.90502,0.24931520,0.19910841,0.20906451,0.22375707,0.27444419,0.30031621,0.31376517,0.31751203,0.33132526
341.19441,0.25342488,0.20059432,0.21052632,0.21823210,0.27666645,0.30347749,0.31477734,0.31833049,0.32906618
341.48381,0.25205499,0.19613658,0.20760228,0.20442006,0.27333321,0.31085368,0.30769232,0.31833049,0.32680709
341.7732,0.25616466,0.19316497,0.21491216,0.21546961,0.28111099,0.31296120,0.31275315,0.31833049,0.32906618
342.06259,0.26164403,0.20059432,0.21929800,0.23480662,0.28777764,0.31506873,0.32388669,0.32405881,0.33358423
342.35199,0.25479477,0.19465066,0.21052610,0.22099458,0.28222196,0.31085368,0.31882600,0.32078542,0.32605418
342.64138,0.24109606,0.18573540,0.20175421,0.21823210,0.27666645,0.30874615,0.31376532,0.31833049,0.32379509
342.93078,0.23561669,0.17830604,0.20321601,0.20580110,0.27444435,0.30979992,0.31477749,0.31505722,0.32228904
343.22017,0.23835647,0.18722131,0.20906408,0.20580110,0.27666662,0.30558502,0.32287452,0.31587557,0.32530115
343.50956,0.23287711,0.18424948,0.20760185,0.19751364,0.27777775,0.29926244,0.32186250,0.31423888,0.32530115
343.79896,0.23561689,0.19019314,0.21052589,0.19337011,0.28111099,0.30136997,0.32591102,0.31669392,0.32680709
344.08835,0.24383584,0.19762249,0.21783577,0.19337011,0.28888877,0.30242373,0.33400821,0.31996719,0.33057223
344.37775,0.24794531,0.19316475,0.22660787,0.20441966,0.29111104,0.30453110,0.34008106,0.31996719,0.33509029
344.66714,0.25068510,0.20505185,0.23391775,0.20718215,0.29777784,0.30874615,0.34716608,0.32324058,0.34111429
344.95653,0.25205479,0.20505185,0.22806968,0.20994463,0.29777784,0.30874615,0.34817825,0.32242223,0.33960823
345.24593,0.24520553,0.20356593,0.22222182,0.21546961,0.29222234,0.31717595,0.34919041,0.31833061,0.33734926
345.53532,0.24383544,0.20505185,0.22222182,0.21685085,0.29444444,0.31190729,0.34615391,0.31833061,0.34111429
345.82472,0.25342448,0.21396712,0.22660787,0.22513811,0.29777768,0.30979976,0.35222677,0.31996719,0.34337337
346.11411,0.25890404,0.21991056,0.22660787,0.22237563,0.30222206,0.31401481,0.35323893,0.32405893,0.34487932
346.4035,0.25890404,0.21991056,0.21637396,0.21961314,0.29777768,0.31085352,0.34514175,0.32487727,0.34111429
346.6929,0.26301352,0.22585422,0.21783577,0.22928164,0.30222206,0.31401481,0.35222677,0.32651397,0.34487932
346.98229,0.26712319,0.22733991,0.21637396,0.22928164,0.30555546,0.31401481,0.35020243,0.32651397,0.34487932
347.27169,0.26712319,0.22733991,0.20614005,0.22790040,0.30555546,0.31190729,0.34919027,0.32815066,0.34186732
347.56108,0.26164383,0.22139647,0.19883017,0.21961314,0.30333319,0.30769224,0.34008091,0.32487727,0.34036126
347.85047,0.26575330,0.22585422,0.20760207,0.22928164,0.30888886,0.31928347,0.34716593,0.33060559,0.34487932
348.13987,0.26849308,0.22733991,0.20321601,0.23342517,0.31111097,0.31612218,0.34615391,0.33142394,0.34638537
348.42926,0.26986297,0.22585422,0.20614005,0.24171264,0.31111097,0.32244461,0.34311756,0.33142394,0.34487932
348.71866,0.26849308,0.23328357,0.20175421,0.24033139,0.30999984,0.31928347,0.33502023,0.33224228,0.34262024
349.00805,0.26438361,0.22288239,0.18859626,0.23342517,0.30111109,0.30769224,0.32793521,0.32896901,0.33960823
349.29744,0.26027413,0.21545303,0.18859626,0.22790040,0.29888882,0.29926244,0.32692319,0.32651397,0.33734926
349.58973,0.25479457,0.20950938,0.17836235,0.22790040,0.29444428,0.29399378,0.31882586,0.32405905,0.33283110
349.87912,0.25205499,0.20356593,0.17251449,0.23342517,0.28666650,0.29504755,0.31983802,0.32160400,0.32756001
350.16852,0.24246595,0.19019292,0.16228058,0.23204413,0.28111099,0.29188626,0.31275300,0.31914896,0.32228893
350.45791,0.23424680,0.18276335,0.15497070,0.23618766,0.27111111,0.28556384,0.30769232,0.31096573,0.31777098
350.74731,0.23013713,0.17830582,0.16228079,0.24309388,0.27333321,0.29294002,0.30870449,0.30769234,0.31551190
351.0367,0.22739734,0.17533399,0.15935675,0.23204413,0.26777770,0.28661760,0.29655863,0.30605564,0.31325292
351.32609,0.22054809,0.16641894,0.15204688,0.23066309,0.25888895,0.27924141,0.28846145,0.30441895,0.30873487
351.61549,0.22191798,0.16493281,0.15789495,0.23618786,0.25888895,0.28345646,0.28643711,0.30278237,0.30798173
351.90488,0.21643841,0.15898937,0.14912306,0.22099458,0.25000004,0.27924141,0.28137643,0.30114567,0.30120459
352.19428,0.21369863,0.15601754,0.14035116,0.21961334,0.24222226,0.27713389,0.27530358,0.29378067,0.29593351
352.48367,0.21780831,0.15898937,0.15204688,0.22790060,0.24666664,0.29083265,0.28441278,0.29541724,0.29668654
352.77306,0.22328767,0.16790464,0.15789495,0.22790060,0.25111117,0.29294002,0.29250997,0.29869063,0.29969854
353.06246,0.23424660,0.17979195,0.16666663,0.23342538,0.25666668,0.30663863,0.30263149,0.30687387,0.30496973
353.35185,0.25890404,0.20505185,0.19736837,0.26519338,0.27555548,0.33614337,0.32287423,0.32324058,0.31777098
353.64125,0.29178083,0.24219906,0.22807010,0.30110491,0.30888886,0.37197068,0.35526297,0.34615383,0.34186732
353.93064,0.36164389,0.31797917,0.31578947,0.37292818,0.37555563,0.43203377,0.41801598,0.39443526,0.38629507
354.22003,0.40821919,0.37295692,0.37426912,0.41850822,0.42666684,0.47945217,0.46153826,0.42716844,0.41942752
354.50943,0.44520565,0.41456166,0.41520477,0.44613250,0.46222232,0.51317180,0.49493917,0.45253674,0.44502991
354.79882,0.47671255,0.45170887,0.45321639,0.47375677,0.49666684,0.54794535,0.52530343,0.47790504,0.46686728
355.08822,0.51232892,0.48588425,0.48099409,0.48618776,0.52222244,0.56691262,0.55364350,0.50081829,0.48644556
355.37761,0.53972635,0.51560167,0.50730977,0.52348054,0.54666675,0.59220246,0.58198373,0.51800323,0.50451789
355.667,0.57808250,0.55274888,0.54970744,0.56629829,0.59000018,0.62802963,0.62044532,0.54418975,0.53237937
355.9564,0.63150726,0.61218415,0.61257293,0.63535908,0.64888900,0.68177044,0.67307681,0.58592464,0.57153593
356.24579,0.67123310,0.65527480,0.66081845,0.69751384,0.69111130,0.72813508,0.71659909,0.61292963,0.60090346
356.53519,0.69178127,0.68202061,0.69005838,0.71961314,0.72000014,0.75342477,0.73987848,0.63420619,0.62048185
356.82458,0.69315096,0.68202061,0.68859637,0.72237563,0.73888894,0.76185471,0.75404852,0.64729951,0.63403613
357.11397,0.69589075,0.68350652,0.69152019,0.72651936,0.75555563,0.77660708,0.76417004,0.66039283,0.64533132
357.40337,0.69726064,0.68053470,0.69298242,0.72928185,0.76888908,0.78609079,0.77429141,0.66530279,0.65210846
357.69276,0.68493182,0.66567577,0.67690044,0.70856339,0.76888908,0.77871461,0.77024289,0.66039283,0.64984938
357.98216,0.66164407,0.63744405,0.65058454,0.67817683,0.74555558,0.75763982,0.74696350,0.64729951,0.63629521
358.27155,0.60368837,0.56314984,0.56770103,0.60199745,0.69367525,0.70649275,0.69612261,0.61198545,0.60084579
358.56094,0.58069758,0.53680917,0.54239735,0.58663996,0.68202026,0.69278676,0.68338231,0.60400242,0.59357893
358.85034,0.55433812,0.51114392,0.53265099,0.57826907,0.68925925,0.69757658,0.67847488,0.60201869,0.59688764
359.13973,0.45714279,0.41031613,0.41395134,0.44080499,0.60301593,0.61478265,0.60135901,0.53928002,0.53915673
359.42912,0.38082156,0.30906390,0.30994119,0.34254142,0.55111113,0.55426793,0.54757065,0.50491003,0.50301217
359.71852,0.38082176,0.30312025,0.30116929,0.32734814,0.50222235,0.51844108,0.50809689,0.47381354,0.47515058
360.00791,0.38082116,0.29569176,0.27923945,0.31353631,0.44111028,0.44994773,0.46255013,0.44108083,0.44879549
